Release Name	Release Meta Language	Orchard Artist	Artist Country	Subaccount Name	Artist URL	Release Artist(s)-Primary Artist(s)	Release Artist(s)-Featuring(s)	Release Artist(s)-Remixer(s)	Release Artist(s)-Composer(s)	Release Artist(s)-Orchestra(s)	Release Artist(s)-Ensemble(s)	Release Artist(s)-Conductor(s)	Release Date	Sale Start Date	iTunes Pre-Order	iTunes Pre-Order Date	Preorder Preview	Album Pricing	Format: Full Length / EP / Single	Imprint	Genre	Sub-genre	[C] Information	Digital UPC	Manufacturer's UPC	Folder Name / Project Code	Product Code	Release Version	File Name	Volume	Track No.	Track Name	Track Audio Language	Version	Track Artist	Track Artist(s) - Featuring(s)	Track Artist(s) - Remixer(s)	Track Artist(s) - Composer(s)	Track Artist(s) - Orchestra(s)	Track Artist(s) - Ensemble(s)	Track Artist(s) - Conductor(s)	Track Pricing	Explicit (No/Yes/Clean)	ISRC	3rd Party Publisher? (Yes/No)	[P] Information	Ownership For This Sound Recording	Country of Recording	Nationality of Original Copyright Owner	Songwriter(s)	Publisher(s)	Performer 1 Type	Performer 1 Legal Name	Performer 1 Main Role	Performer 2 Type	Performer 2 Legal Name	Performer 2 Main Role	Performer 3 Type	Performer 3 Legal Name	Performer 3 Main Role	Performer 4 Type	Performer 4 Legal Name	Performer 4 Main Role	Performer 5 Type	Performer 5 Legal Name	Performer 5 Main Role	Only Include/Only Exclude?	Territories (ISO Codes)	md5 Checksum	Filesize	Is Mastered for iTunes?	Mastering Studio Email-Address	Excluded DMS	Streaming allowed	Bundle Only
Wie ein Komet	German	Wie ein Komet	Germany	Blue Door Records Christian Lösch		Wie ein Komet							2013-03-15	2013-03-15	No Pre-order			Mid/Front	Full Length	Blue Door Records Christian Lösch	Pop	Pop	2013 Blue Door Records Christian Lösch	4050486094990	4050486094990	1363086284278	1363086284278_00432		1363086284278_01_01.flac	1	1	Wie Ein Komet (Fox-Mix 2013)	German		Wie ein Komet							Front	No	DEZ651315949	No	2013 Blue Door Records Christian Lösch	I have no master rights	Germany	Germany	ZARON, ANDREAS	MAREN MUSIKVERLAG																		7c02e15ad0d83d6d1a613d4f12418150	30292797	No		Altacom|AmazonDOD|AudibleMagic|BeatportDigitalDownloadNetwork|Bleep|Boomkat|Dubstore|Flipagram|Gracenote|Grammofy|Hardwax|HDTracks|iTunes/Apple|JunoRecords|NMusic|Phononet|Qanawat|Realnetwork-Listen(Muzicall)|Shazam|SimfyAfrica|SoundExchange|Touchtunes|Traxsource|VEVO|XboxMusic	Yes	No
Wie ein Komet	German	Wie ein Komet	Germany	Blue Door Records Christian Lösch		Wie ein Komet							2013-03-15	2013-03-15	No Pre-order			Mid/Front	Full Length	Blue Door Records Christian Lösch	Pop	Pop	2013 Blue Door Records Christian Lösch	4050486094990	4050486094990	1363086284278	1363086284278_00432		1363086284278_01_02.flac	1	2	Wie Ein Komet (Fox-Mix 2013)	German	Karaoke Version	Wie ein Komet							Front	No	DEZ651315950	No	2013 Blue Door Records Christian Lösch	I have no master rights	Germany	Germany	ZARON, ANDREAS	MAREN MUSIKVERLAG																		3efbaddd77fe3d7ef2c1182dfc967318	29764961	No		Altacom|AmazonDOD|AudibleMagic|BeatportDigitalDownloadNetwork|Bleep|Boomkat|Dubstore|Flipagram|Gracenote|Grammofy|Hardwax|HDTracks|iTunes/Apple|JunoRecords|NMusic|Phononet|Qanawat|Realnetwork-Listen(Muzicall)|Shazam|SimfyAfrica|SoundExchange|Touchtunes|Traxsource|VEVO|XboxMusic	Yes	No
Wie ein Komet	German	Chris Martin	Germany	Blue Door Records Christian Lösch		Chris Martin							2013-03-15	2013-03-15	No Pre-order			Mid/Front	Full Length	Blue Door Records Christian Lösch	Pop	Pop	2013 Blue Door Records Christian Lösch	4260149824325	4260149824325	1362941197005	1362941197005_00432	Tribute Version	1362941197005_01_01.flac	1	1	Wie Ein Komet (Fox-Mix 2013)	German		Chris Martin							Front	No	DEHT41302514	No	2013 Blue Door Records Christian Lösch	I have no master rights	Germany	Germany	ZARON, ANDREAS	MAREN MUSIKVERLAG																		7c02e15ad0d83d6d1a613d4f12418150	30292797	No		24/7EntertainmentGmbH|7Digital|Altacom|AmazonDigitalServicesInc.|AmazonDOD|AudibleMagic|BeatportDigitalDownloadNetwork|Bleep|Boomkat|Deezer|Dixero|Dubstore|Flipagram|GoogleMusic|Gracenote|Grammofy|Hardwax|HDTracks|iMusica|JunoRecords|MediaNet|MondiaMedia|MusiwaveVideo|Napster|NMusic|Phononet|Qanawat|Qobuz|Realnetwork-Listen(Muzicall)|Shazam|SimfyAfrica|Slacker|SoundExchange|Spotify|TIDAL|Touchtunes|Traxsource|VEVO|XboxMusic	Yes	No
Wie ein Komet	German	Chris Martin	Germany	Blue Door Records Christian Lösch		Chris Martin							2013-03-15	2013-03-15	No Pre-order			Mid/Front	Full Length	Blue Door Records Christian Lösch	Pop	Pop	2013 Blue Door Records Christian Lösch	4260149824325	4260149824325	1362941197005	1362941197005_00432	Tribute Version	1362941197005_01_02.flac	1	2	Wie Ein Komet (Fox-Mix 2013)	German	Karaoke Version	Chris Martin							Front	No	DEHT41302515	No	2013 Blue Door Records Christian Lösch	I have no master rights	Germany	Germany	ZARON, ANDREAS	MAREN MUSIKVERLAG																		3efbaddd77fe3d7ef2c1182dfc967318	29764961	No		24/7EntertainmentGmbH|7Digital|Altacom|AmazonDigitalServicesInc.|AmazonDOD|AudibleMagic|BeatportDigitalDownloadNetwork|Bleep|Boomkat|Deezer|Dixero|Dubstore|Flipagram|GoogleMusic|Gracenote|Grammofy|Hardwax|HDTracks|iMusica|JunoRecords|MediaNet|MondiaMedia|MusiwaveVideo|Napster|NMusic|Phononet|Qanawat|Qobuz|Realnetwork-Listen(Muzicall)|Shazam|SimfyAfrica|Slacker|SoundExchange|Spotify|TIDAL|Touchtunes|Traxsource|VEVO|XboxMusic	Yes	No
Küss mich, Halt mich, Lieb mich (Drei Haselnüsse für Aschenbrödel)	German	Küss Mich Halt Mich Lieb Mich Drei Haselnüsse Für Aschenbrödel	Germany	Blue Door Records Christian Lösch		Küss Mich Halt Mich Lieb Mich Drei Haselnüsse Für Aschenbrödel							2012-11-16	2012-11-16	No Pre-order			Mid/Front	Full Length	Blue Door Records Christian Lösch	Soundtracks	Soundtracks	2012 Blue Door Records Christian Lösch	4050486088081	4050486088081	1353069455746	1353069455746_00383		1353069455746_01_01.flac	1	1	Küss mich, Halt mich, Lieb mich (Drei Haselnüsse für Aschenbrödel)	German		Küss Mich Halt Mich Lieb Mich Drei Haselnüsse Für Aschenbrödel							Front	No	DEZ651214396	No	2012 Blue Door Records Christian Lösch	I have no master rights	Germany	Germany	SVOBODA, KAREL RICHARD	PROVOX MUSIC PUBLISHING S R O																		4503b81d225c39ac582fc3d454d16b8d	27921295	No		Altacom|AmazonDOD|AudibleMagic|AWA|BeatportDigitalDownloadNetwork|Bleep|Boomkat|Dixero|Dubstore|Flipagram|Gracenote|Grammofy|Hardwax|HDTracks|iHeartRadio|iTunes/Apple|JunoRecords|KKBOX|NMusic|Pandora|Phononet|Qanawat|Qobuz|Realnetwork-Listen(Muzicall)|Saavn|Shazam|SimfyAfrica|SiriusXM|SoundExchange|Touchtunes|Traxsource|UMA|VEVO|XboxMusic|YouTubeArtTracks	Yes	No
Küss mich, Halt mich, Lieb mich (Drei Haselnüsse für Aschenbrödel)	German	Küss Mich Halt Mich Lieb Mich Drei Haselnüsse Für Aschenbrödel	Germany	Blue Door Records Christian Lösch		Küss Mich Halt Mich Lieb Mich Drei Haselnüsse Für Aschenbrödel							2012-11-16	2012-11-16	No Pre-order			Mid/Front	Full Length	Blue Door Records Christian Lösch	Soundtracks	Soundtracks	2012 Blue Door Records Christian Lösch	4050486088081	4050486088081	1353069455746	1353069455746_00383		1353069455746_01_02.flac	1	2	Küss mich, Halt mich, Lieb mich (Drei Haselnüsse für Aschenbrödel)	German	Karaoke Version	Küss Mich Halt Mich Lieb Mich Drei Haselnüsse Für Aschenbrödel							Front	No	DEZ651214397	No	2012 Blue Door Records Christian Lösch	I have no master rights	Germany	Germany	SVOBODA, KAREL RICHARD	PROVOX MUSIC PUBLISHING S R O																		958ea83ac0083a0844b04c4c72284fc2	26511933	No		Altacom|AmazonDOD|AudibleMagic|AWA|BeatportDigitalDownloadNetwork|Bleep|Boomkat|Dixero|Dubstore|Flipagram|Gracenote|Grammofy|Hardwax|HDTracks|iHeartRadio|iTunes/Apple|JunoRecords|KKBOX|NMusic|Pandora|Phononet|Qanawat|Qobuz|Realnetwork-Listen(Muzicall)|Saavn|Shazam|SimfyAfrica|SiriusXM|SoundExchange|Touchtunes|Traxsource|UMA|VEVO|XboxMusic|YouTubeArtTracks	Yes	No
An der Piste (Ist schon wieder geile Party)	German	Chris DeLuxe	Germany	Blue Door Records Christian Lösch		Chris DeLuxe							2012-11-30	2012-11-30	No Pre-order			Mid/Front	Full Length	Blue Door Records Christian Lösch	Pop	Pop	2012 Blue Door Records Christian Lösch	4260149823861	4260149823861	1353014180029	1353014180029_00386		1353014180029_01_01.flac	1	1	An der Piste (Ist schon wieder geile Party)	German		Chris DeLuxe							Front	No	DEHT41202234	No	2012 Blue Door Records Christian Lösch	I have no master rights	Germany	Germany	Lösch, Christian	Blue Door Musikverlag																		075268f9be77968d8c74b21104e20d57	25009661	No		Altacom|AmazonDOD|AudibleMagic|BeatportDigitalDownloadNetwork|Bleep|Boomkat|Dubstore|Flipagram|Gracenote|Grammofy|Hardwax|HDTracks|JunoRecords|NMusic|Phononet|Qanawat|Realnetwork-Listen(Muzicall)|Shazam|SimfyAfrica|SoundExchange|Touchtunes|Traxsource|VEVO|XboxMusic	Yes	No
An der Piste (Ist schon wieder geile Party)	German	Chris DeLuxe	Germany	Blue Door Records Christian Lösch		Chris DeLuxe							2012-11-30	2012-11-30	No Pre-order			Mid/Front	Full Length	Blue Door Records Christian Lösch	Pop	Pop	2012 Blue Door Records Christian Lösch	4260149823861	4260149823861	1353014180029	1353014180029_00386		1353014180029_01_02.flac	1	2	An der Piste (Ist schon wieder geile Party)	German	Karaoke Version	Chris DeLuxe							Front	No	DEHT41202235	No	2012 Blue Door Records Christian Lösch	I have no master rights	Germany	Germany	Lösch, Christian	Blue Door Musikverlag																		577e3c5a3c13e3af3168f84d8132377c	24868266	No		Altacom|AmazonDOD|AudibleMagic|BeatportDigitalDownloadNetwork|Bleep|Boomkat|Dubstore|Flipagram|Gracenote|Grammofy|Hardwax|HDTracks|JunoRecords|NMusic|Phononet|Qanawat|Realnetwork-Listen(Muzicall)|Shazam|SimfyAfrica|SoundExchange|Touchtunes|Traxsource|VEVO|XboxMusic	Yes	No
Küss mich, Halt mich, Lieb mich (Drei Haselnüsse für Aschenbrödel)	German	Kristina Martin	Germany	Blue Door Records Christian Lösch		Kristina Martin							2012-11-16	2012-11-16	No Pre-order			Mid/Front	Full Length	Blue Door Records Christian Lösch	Soundtracks	Soundtracks	2012 Blue Door Records Christian Lösch	4260149823830	4260149823830	1352673923810	1352673923810_00383	Tribute Version	1352673923810_01_01.flac	1	1	Küss mich, Halt mich, Lieb mich (Drei Haselnüsse für Aschenbrödel)	German	Tribute Version	Kristina Martin							Front	No	DEHT41202196	No	2012 Blue Door Records Christian Lösch	I have no master rights	Germany	Germany	SVOBODA, KAREL RICHARD	PROVOX MUSIC PUBLISHING S R O																		4503b81d225c39ac582fc3d454d16b8d	27921295	No		Altacom|AmazonDOD|AudibleMagic|AWA|BeatportDigitalDownloadNetwork|Bleep|Boomkat|Deezer|Dubstore|Flipagram|Gracenote|Grammofy|Hardwax|HDTracks|iHeartRadio|JunoRecords|MondiaMedia|NMusic|Phononet|Qanawat|Qobuz|Realnetwork-Listen(Muzicall)|Shazam|SimfyAfrica|SoundExchange|Touchtunes|Traxsource|VEVO|XboxMusic	Yes	No
Küss mich, Halt mich, Lieb mich (Drei Haselnüsse für Aschenbrödel)	German	Kristina Martin	Germany	Blue Door Records Christian Lösch		Kristina Martin							2012-11-16	2012-11-16	No Pre-order			Mid/Front	Full Length	Blue Door Records Christian Lösch	Soundtracks	Soundtracks	2012 Blue Door Records Christian Lösch	4260149823830	4260149823830	1352673923810	1352673923810_00383	Tribute Version	1352673923810_01_02.flac	1	2	Küss mich, Halt mich, Lieb mich (Drei Haselnüsse für Aschenbrödel)	German	Karaoke Version	Kristina Martin							Front	No	DEHT41202197	No	2012 Blue Door Records Christian Lösch	I have no master rights	Germany	Germany	SVOBODA, KAREL RICHARD	PROVOX MUSIC PUBLISHING S R O																		958ea83ac0083a0844b04c4c72284fc2	26511933	No		Altacom|AmazonDOD|AudibleMagic|AWA|BeatportDigitalDownloadNetwork|Bleep|Boomkat|Deezer|Dubstore|Flipagram|Gracenote|Grammofy|Hardwax|HDTracks|iHeartRadio|JunoRecords|MondiaMedia|NMusic|Phononet|Qanawat|Qobuz|Realnetwork-Listen(Muzicall)|Shazam|SimfyAfrica|SoundExchange|Touchtunes|Traxsource|VEVO|XboxMusic	Yes	No
Apres-Ski Megaparty 2013	German	AA Apres-Ski!	Germany	Blue Door Records Christian Lösch		AA Apres-Ski!							2012-11-30	2012-11-30	No Pre-order			Mid/Front	Full Length	Blue Door Records Christian Lösch	Pop	Pop	2012 Blue Door Records Christian Lösch	4260149823823	4260149823823	1352145356591	1352145356591_00382		1352145356591_01_01.flac	1	1	Ab auf die Piste	German		AA Apres-Ski!							Front	No	DEHT41202176	No	2012 Blue Door Records Christian Lösch	I have no master rights	Germany	Germany	Erl, Sebastian	Hanseatic Musikverlag																		b4dc45cf4e02ef499b94951ede57b8eb	29135206	No		Altacom|AmazonDOD|AudibleMagic|BeatportDigitalDownloadNetwork|Bleep|Boomkat|Dubstore|Flipagram|Gracenote|Grammofy|Hardwax|HDTracks|JunoRecords|NMusic|Phononet|Qanawat|Realnetwork-Listen(Muzicall)|Shazam|SimfyAfrica|SoundExchange|Touchtunes|Traxsource|VEVO|XboxMusic	Yes	No
Apres-Ski Megaparty 2013	German	AA Apres-Ski!	Germany	Blue Door Records Christian Lösch		AA Apres-Ski!							2012-11-30	2012-11-30	No Pre-order			Mid/Front	Full Length	Blue Door Records Christian Lösch	Pop	Pop	2012 Blue Door Records Christian Lösch	4260149823823	4260149823823	1352145356591	1352145356591_00382		1352145356591_01_02.flac	1	2	Nur noch Schuhe an	German		AA Apres-Ski!							Front	No	DEHT41202177	No	2012 Blue Door Records Christian Lösch	I have no master rights	Germany	Germany	KOOPMANS, ANTONIUS; KOOPMANS, GERARDUS	BME SONGS; SCHEDLER, RUDI, MUSIKVERLAG GMBH																		d06799a995daf2b9cd210bd6fbe77ece	28875113	No		Altacom|AmazonDOD|AudibleMagic|BeatportDigitalDownloadNetwork|Bleep|Boomkat|Dubstore|Flipagram|Gracenote|Grammofy|Hardwax|HDTracks|JunoRecords|NMusic|Phononet|Qanawat|Realnetwork-Listen(Muzicall)|Shazam|SimfyAfrica|SoundExchange|Touchtunes|Traxsource|VEVO|XboxMusic	Yes	No
Apres-Ski Megaparty 2013	German	AA Apres-Ski!	Germany	Blue Door Records Christian Lösch		AA Apres-Ski!							2012-11-30	2012-11-30	No Pre-order			Mid/Front	Full Length	Blue Door Records Christian Lösch	Pop	Pop	2012 Blue Door Records Christian Lösch	4260149823823	4260149823823	1352145356591	1352145356591_00382		1352145356591_01_03.flac	1	3	Hey wir wollen die Eisbären sehn	German	Apres-Ski 2013 Mix	AA Apres-Ski!							Front	No	DEHT41202178	No	2012 Blue Door Records Christian Lösch	I have no master rights	Germany	Germany	Birr, Peter	Puhdys Musikverlag																		c8a3e06ff09975157e8996097c749833	24498366	No		Altacom|AmazonDOD|AudibleMagic|BeatportDigitalDownloadNetwork|Bleep|Boomkat|Dubstore|Flipagram|Gracenote|Grammofy|Hardwax|HDTracks|JunoRecords|NMusic|Phononet|Qanawat|Realnetwork-Listen(Muzicall)|Shazam|SimfyAfrica|SoundExchange|Touchtunes|Traxsource|VEVO|XboxMusic	Yes	No
Apres-Ski Megaparty 2013	German	AA Apres-Ski!	Germany	Blue Door Records Christian Lösch		AA Apres-Ski!							2012-11-30	2012-11-30	No Pre-order			Mid/Front	Full Length	Blue Door Records Christian Lösch	Pop	Pop	2012 Blue Door Records Christian Lösch	4260149823823	4260149823823	1352145356591	1352145356591_00382		1352145356591_01_04.flac	1	4	Z'ruck zu dir (Hallo Klaus)	German		AA Apres-Ski!							Front	No	DEHT41202179	No	2012 Blue Door Records Christian Lösch	I have no master rights	Germany	Germany	HALAMA, INGO; PASBRIG, BERNARDO	GET READY MUSIKVERLAG BERNARDO PASBRIG																		57ab8d0fe674fef486900ab6cccc2288	29266857	No		Altacom|AmazonDOD|AudibleMagic|BeatportDigitalDownloadNetwork|Bleep|Boomkat|Dubstore|Flipagram|Gracenote|Grammofy|Hardwax|HDTracks|JunoRecords|NMusic|Phononet|Qanawat|Realnetwork-Listen(Muzicall)|Shazam|SimfyAfrica|SoundExchange|Touchtunes|Traxsource|VEVO|XboxMusic	Yes	No
Apres-Ski Megaparty 2013	German	AA Apres-Ski!	Germany	Blue Door Records Christian Lösch		AA Apres-Ski!							2012-11-30	2012-11-30	No Pre-order			Mid/Front	Full Length	Blue Door Records Christian Lösch	Pop	Pop	2012 Blue Door Records Christian Lösch	4260149823823	4260149823823	1352145356591	1352145356591_00382		1352145356591_01_05.flac	1	5	Die Hölle morgen früh	German		AA Apres-Ski!							Front	No	DEHT41202180	No	2012 Blue Door Records Christian Lösch	I have no master rights	Germany	Germany	FRANKFURTER, JEAN	KATRIN EDITION DER SONY/ATV;																		6e3baa34ce3b3590559cb76359fa7a40	28930077	No		Altacom|AmazonDOD|AudibleMagic|BeatportDigitalDownloadNetwork|Bleep|Boomkat|Dubstore|Flipagram|Gracenote|Grammofy|Hardwax|HDTracks|JunoRecords|NMusic|Phononet|Qanawat|Realnetwork-Listen(Muzicall)|Shazam|SimfyAfrica|SoundExchange|Touchtunes|Traxsource|VEVO|XboxMusic	Yes	No
Apres-Ski Megaparty 2013	German	AA Apres-Ski!	Germany	Blue Door Records Christian Lösch		AA Apres-Ski!							2012-11-30	2012-11-30	No Pre-order			Mid/Front	Full Length	Blue Door Records Christian Lösch	Pop	Pop	2012 Blue Door Records Christian Lösch	4260149823823	4260149823823	1352145356591	1352145356591_00382		1352145356591_01_06.flac	1	6	Schatzi schenk mir ein Foto	German		AA Apres-Ski!							Front	No	DEHT41202181	No	2012 Blue Door Records Christian Lösch	I have no master rights	Germany	Germany	KOOPMANS, ANTONIUS G J	SCHEDLER, RUDI, MUSIKVERLAG GMBH																		37efb4de5f32100d4410f6ab72132a14	28324752	No		Altacom|AmazonDOD|AudibleMagic|BeatportDigitalDownloadNetwork|Bleep|Boomkat|Dubstore|Flipagram|Gracenote|Grammofy|Hardwax|HDTracks|JunoRecords|NMusic|Phononet|Qanawat|Realnetwork-Listen(Muzicall)|Shazam|SimfyAfrica|SoundExchange|Touchtunes|Traxsource|VEVO|XboxMusic	Yes	No
Apres-Ski Megaparty 2013	German	AA Apres-Ski!	Germany	Blue Door Records Christian Lösch		AA Apres-Ski!							2012-11-30	2012-11-30	No Pre-order			Mid/Front	Full Length	Blue Door Records Christian Lösch	Pop	Pop	2012 Blue Door Records Christian Lösch	4260149823823	4260149823823	1352145356591	1352145356591_00382		1352145356591_01_07.flac	1	7	Tage wie diese (An Tagen wie diesen)	German		AA Apres-Ski!							Front	No	DEHT41202182	No	2012 Blue Door Records Christian Lösch	I have no master rights	Germany	Germany	HOLST VON, ANDREAS	PKM PATRICKS KLEINER MUSIKVERLAG GMBH																		39e045f3aed276af6cc2c64b31fd1df0	32165963	No		Altacom|AmazonDOD|AudibleMagic|BeatportDigitalDownloadNetwork|Bleep|Boomkat|Dubstore|Flipagram|Gracenote|Grammofy|Hardwax|HDTracks|JunoRecords|NMusic|Phononet|Qanawat|Realnetwork-Listen(Muzicall)|Shazam|SimfyAfrica|SoundExchange|Touchtunes|Traxsource|VEVO|XboxMusic	Yes	No
Apres-Ski Megaparty 2013	German	AA Apres-Ski!	Germany	Blue Door Records Christian Lösch		AA Apres-Ski!							2012-11-30	2012-11-30	No Pre-order			Mid/Front	Full Length	Blue Door Records Christian Lösch	Pop	Pop	2012 Blue Door Records Christian Lösch	4260149823823	4260149823823	1352145356591	1352145356591_00382		1352145356591_01_08.flac	1	8	Schenk mir dein Herz	German		AA Apres-Ski!							Front	No	DEHT41202183	No	2012 Blue Door Records Christian Lösch	I have no master rights	Germany	Germany	FROEHLICH, JAN-PETER	Edition Höhner																		35e6512bbe784687669951db149a2c97	30190184	No		Altacom|AmazonDOD|AudibleMagic|BeatportDigitalDownloadNetwork|Bleep|Boomkat|Dubstore|Flipagram|Gracenote|Grammofy|Hardwax|HDTracks|JunoRecords|NMusic|Phononet|Qanawat|Realnetwork-Listen(Muzicall)|Shazam|SimfyAfrica|SoundExchange|Touchtunes|Traxsource|VEVO|XboxMusic	Yes	No
Apres-Ski Megaparty 2013	German	AA Apres-Ski!	Germany	Blue Door Records Christian Lösch		AA Apres-Ski!							2012-11-30	2012-11-30	No Pre-order			Mid/Front	Full Length	Blue Door Records Christian Lösch	Pop	Pop	2012 Blue Door Records Christian Lösch	4260149823823	4260149823823	1352145356591	1352145356591_00382		1352145356591_01_09.flac	1	9	So ein schöner Tag (Fliegerlied)	German		AA Apres-Ski!							Front	No	DEHT41202184	No	2012 Blue Door Records Christian Lösch	I have no master rights	Germany	Germany	DONAUER, ANDREAS	SCHEDLER, RUDI, MUSIKVERLAG GMBH																		499efc33d2b8d141fedce30507591f69	27960682	No		Altacom|AmazonDOD|AudibleMagic|BeatportDigitalDownloadNetwork|Bleep|Boomkat|Dubstore|Flipagram|Gracenote|Grammofy|Hardwax|HDTracks|JunoRecords|NMusic|Phononet|Qanawat|Realnetwork-Listen(Muzicall)|Shazam|SimfyAfrica|SoundExchange|Touchtunes|Traxsource|VEVO|XboxMusic	Yes	No
Apres-Ski Megaparty 2013	German	AA Apres-Ski!	Germany	Blue Door Records Christian Lösch		AA Apres-Ski!							2012-11-30	2012-11-30	No Pre-order			Mid/Front	Full Length	Blue Door Records Christian Lösch	Pop	Pop	2012 Blue Door Records Christian Lösch	4260149823823	4260149823823	1352145356591	1352145356591_00382		1352145356591_01_10.flac	1	10	Joana (Du geile Sau)	German	Apres-Ski Mix 2013	AA Apres-Ski!							Front	No	DEHT41202185	No	2012 Blue Door Records Christian Lösch	I have no master rights	Germany	Germany	Heider, Joachim	Hansa Musik Produktion GmbH																		c5ba558325a236727414e01c42d44fc5	25217587	No		Altacom|AmazonDOD|AudibleMagic|BeatportDigitalDownloadNetwork|Bleep|Boomkat|Dubstore|Flipagram|Gracenote|Grammofy|Hardwax|HDTracks|JunoRecords|NMusic|Phononet|Qanawat|Realnetwork-Listen(Muzicall)|Shazam|SimfyAfrica|SoundExchange|Touchtunes|Traxsource|VEVO|XboxMusic	Yes	No
Apres-Ski Megaparty 2013	German	AA Apres-Ski!	Germany	Blue Door Records Christian Lösch		AA Apres-Ski!							2012-11-30	2012-11-30	No Pre-order			Mid/Front	Full Length	Blue Door Records Christian Lösch	Pop	Pop	2012 Blue Door Records Christian Lösch	4260149823823	4260149823823	1352145356591	1352145356591_00382		1352145356591_01_11.flac	1	11	Du hast mich tausendmal belogen	German		AA Apres-Ski!							Front	No	DEHT41202186	No	2012 Blue Door Records Christian Lösch	I have no master rights	Germany	Germany	Roemer	Roemer																		352f9e3f66c129b44f0126989b03ca7f	28903282	No		Altacom|AmazonDOD|AudibleMagic|BeatportDigitalDownloadNetwork|Bleep|Boomkat|Dubstore|Flipagram|Gracenote|Grammofy|Hardwax|HDTracks|JunoRecords|NMusic|Phononet|Qanawat|Realnetwork-Listen(Muzicall)|Shazam|SimfyAfrica|SoundExchange|Touchtunes|Traxsource|VEVO|XboxMusic	Yes	No
Apres-Ski Megaparty 2013	German	AA Apres-Ski!	Germany	Blue Door Records Christian Lösch		AA Apres-Ski!							2012-11-30	2012-11-30	No Pre-order			Mid/Front	Full Length	Blue Door Records Christian Lösch	Pop	Pop	2012 Blue Door Records Christian Lösch	4260149823823	4260149823823	1352145356591	1352145356591_00382		1352145356591_01_12.flac	1	12	I sing a Liad für dich	German		AA Apres-Ski!							Front	No	DEHT41202187	No	2012 Blue Door Records Christian Lösch	I have no master rights	Germany	Germany	GABALIER, ANDREAS;	ALPENPOP DEUTSCHLAND, EDITION; STALL, EDITION																		bc09fc398c8e2867f68066636df9a6f4	25376313	No		Altacom|AmazonDOD|AudibleMagic|BeatportDigitalDownloadNetwork|Bleep|Boomkat|Dubstore|Flipagram|Gracenote|Grammofy|Hardwax|HDTracks|JunoRecords|NMusic|Phononet|Qanawat|Realnetwork-Listen(Muzicall)|Shazam|SimfyAfrica|SoundExchange|Touchtunes|Traxsource|VEVO|XboxMusic	Yes	No
Apres-Ski Megaparty 2013	German	AA Apres-Ski!	Germany	Blue Door Records Christian Lösch		AA Apres-Ski!							2012-11-30	2012-11-30	No Pre-order			Mid/Front	Full Length	Blue Door Records Christian Lösch	Pop	Pop	2012 Blue Door Records Christian Lösch	4260149823823	4260149823823	1352145356591	1352145356591_00382		1352145356591_01_13.flac	1	13	Das rote Pferd	German		AA Apres-Ski!							Front	No	DEHT41202188	No	2012 Blue Door Records Christian Lösch	I have no master rights	Germany	Germany	MONNOT, MARGUERITTE ANGELE;	FRANCIS SALABERT EDITIONS																		1c87ad9a57ecf3b1a05fcc6e4463f8c3	25754203	No		Altacom|AmazonDOD|AudibleMagic|BeatportDigitalDownloadNetwork|Bleep|Boomkat|Dubstore|Flipagram|Gracenote|Grammofy|Hardwax|HDTracks|JunoRecords|NMusic|Phononet|Qanawat|Realnetwork-Listen(Muzicall)|Shazam|SimfyAfrica|SoundExchange|Touchtunes|Traxsource|VEVO|XboxMusic	Yes	No
Apres-Ski Megaparty 2013	German	AA Apres-Ski!	Germany	Blue Door Records Christian Lösch		AA Apres-Ski!							2012-11-30	2012-11-30	No Pre-order			Mid/Front	Full Length	Blue Door Records Christian Lösch	Pop	Pop	2012 Blue Door Records Christian Lösch	4260149823823	4260149823823	1352145356591	1352145356591_00382		1352145356591_01_14.flac	1	14	Amsterdam	German		AA Apres-Ski!							Front	No	DEHT41202189	No	2012 Blue Door Records Christian Lösch	I have no master rights	Germany	Germany	VON DEM BOTTLENBERG, CORNELIA	RADIO-TELE-MUSIC GMBH																		1c38e371a7acc01c100fccf4474c52e1	33439975	No		Altacom|AmazonDOD|AudibleMagic|BeatportDigitalDownloadNetwork|Bleep|Boomkat|Dubstore|Flipagram|Gracenote|Grammofy|Hardwax|HDTracks|JunoRecords|NMusic|Phononet|Qanawat|Realnetwork-Listen(Muzicall)|Shazam|SimfyAfrica|SoundExchange|Touchtunes|Traxsource|VEVO|XboxMusic	Yes	No
Apres-Ski Megaparty 2013	German	AA Apres-Ski!	Germany	Blue Door Records Christian Lösch		AA Apres-Ski!							2012-11-30	2012-11-30	No Pre-order			Mid/Front	Full Length	Blue Door Records Christian Lösch	Pop	Pop	2012 Blue Door Records Christian Lösch	4260149823823	4260149823823	1352145356591	1352145356591_00382		1352145356591_01_15.flac	1	15	Viva Colonia	German		AA Apres-Ski!							Front	No	DEHT41202190	No	2012 Blue Door Records Christian Lösch	I have no master rights	Germany	Germany	KRAUTMACHER, HENNING	VOGELSANG MUSIK GMBH																		1aca3d16f72309db00ec6bdf99ed1269	24382751	No		Altacom|AmazonDOD|AudibleMagic|BeatportDigitalDownloadNetwork|Bleep|Boomkat|Dubstore|Flipagram|Gracenote|Grammofy|Hardwax|HDTracks|JunoRecords|NMusic|Phononet|Qanawat|Realnetwork-Listen(Muzicall)|Shazam|SimfyAfrica|SoundExchange|Touchtunes|Traxsource|VEVO|XboxMusic	Yes	No
Apres-Ski Megaparty 2013	German	AA Apres-Ski!	Germany	Blue Door Records Christian Lösch		AA Apres-Ski!							2012-11-30	2012-11-30	No Pre-order			Mid/Front	Full Length	Blue Door Records Christian Lösch	Pop	Pop	2012 Blue Door Records Christian Lösch	4260149823823	4260149823823	1352145356591	1352145356591_00382		1352145356591_01_16.flac	1	16	7 Sünden	German	Apres-Ski 2013 Mix	AA Apres-Ski!							Front	No	DEHT41202191	No	2012 Blue Door Records Christian Lösch	I have no master rights	Germany	Germany	Busse, Uwe	Big Ears Musikverlag																		b51d46b14127a28b7d524f1e92bdfe3c	29942454	No		Altacom|AmazonDOD|AudibleMagic|BeatportDigitalDownloadNetwork|Bleep|Boomkat|Dubstore|Flipagram|Gracenote|Grammofy|Hardwax|HDTracks|JunoRecords|NMusic|Phononet|Qanawat|Realnetwork-Listen(Muzicall)|Shazam|SimfyAfrica|SoundExchange|Touchtunes|Traxsource|VEVO|XboxMusic	Yes	No
Apres-Ski Megaparty 2013	German	AA Apres-Ski!	Germany	Blue Door Records Christian Lösch		AA Apres-Ski!							2012-11-30	2012-11-30	No Pre-order			Mid/Front	Full Length	Blue Door Records Christian Lösch	Pop	Pop	2012 Blue Door Records Christian Lösch	4260149823823	4260149823823	1352145356591	1352145356591_00382		1352145356591_01_17.flac	1	17	Er hat ein knallrotes Gummiboot	German		AA Apres-Ski!							Front	No	DEHT41202192	No	2012 Blue Door Records Christian Lösch	I have no master rights	Germany	Germany	Schmidt, Bobby	Primus Edition Rolf Budde																		4f17b228531d613d06fd95c85d6e1baf	28313416	No		Altacom|AmazonDOD|AudibleMagic|BeatportDigitalDownloadNetwork|Bleep|Boomkat|Dubstore|Flipagram|Gracenote|Grammofy|Hardwax|HDTracks|JunoRecords|NMusic|Phononet|Qanawat|Realnetwork-Listen(Muzicall)|Shazam|SimfyAfrica|SoundExchange|Touchtunes|Traxsource|VEVO|XboxMusic	Yes	No
Apres-Ski Megaparty 2013	German	AA Apres-Ski!	Germany	Blue Door Records Christian Lösch		AA Apres-Ski!							2012-11-30	2012-11-30	No Pre-order			Mid/Front	Full Length	Blue Door Records Christian Lösch	Pop	Pop	2012 Blue Door Records Christian Lösch	4260149823823	4260149823823	1352145356591	1352145356591_00382		1352145356591_01_18.flac	1	18	Kufsteinlied	German		AA Apres-Ski!							Front	No	DEHT41202193	No	2012 Blue Door Records Christian Lösch	I have no master rights	Germany	Germany	GANZER; GANZER	EFFEL-MUSIC EDITION																		29f33751d72943055a151bc1752540bc	28018542	No		Altacom|AmazonDOD|AudibleMagic|BeatportDigitalDownloadNetwork|Bleep|Boomkat|Dubstore|Flipagram|Gracenote|Grammofy|Hardwax|HDTracks|JunoRecords|NMusic|Phononet|Qanawat|Realnetwork-Listen(Muzicall)|Shazam|SimfyAfrica|SoundExchange|Touchtunes|Traxsource|VEVO|XboxMusic	Yes	No
Apres-Ski Megaparty 2013	German	AA Apres-Ski!	Germany	Blue Door Records Christian Lösch		AA Apres-Ski!							2012-11-30	2012-11-30	No Pre-order			Mid/Front	Full Length	Blue Door Records Christian Lösch	Pop	Pop	2012 Blue Door Records Christian Lösch	4260149823823	4260149823823	1352145356591	1352145356591_00382		1352145356591_01_19.flac	1	19	Bobfahrerlied	German		AA Apres-Ski!							Front	No	DEHT41202194	No	2012 Blue Door Records Christian Lösch	I have no master rights	Germany	Germany	MICHL , WILLY																			abd42cad549038c56e01e4d0e77b6da5	29102901	No		Altacom|AmazonDOD|AudibleMagic|BeatportDigitalDownloadNetwork|Bleep|Boomkat|Dubstore|Flipagram|Gracenote|Grammofy|Hardwax|HDTracks|JunoRecords|NMusic|Phononet|Qanawat|Realnetwork-Listen(Muzicall)|Shazam|SimfyAfrica|SoundExchange|Touchtunes|Traxsource|VEVO|XboxMusic	Yes	No
Apres-Ski Megaparty 2013	German	AA Apres-Ski!	Germany	Blue Door Records Christian Lösch		AA Apres-Ski!							2012-11-30	2012-11-30	No Pre-order			Mid/Front	Full Length	Blue Door Records Christian Lösch	Pop	Pop	2012 Blue Door Records Christian Lösch	4260149823823	4260149823823	1352145356591	1352145356591_00382		1352145356591_01_20.flac	1	20	Apres-Ski Schlager Medley	German		AA Apres-Ski!							Front	No	DEHT41202195	No	2012 Blue Door Records Christian Lösch	I have no master rights	Germany	Germany	Bruhn, Christian; Rudnik, Ralf; Cordalis, Costa; Roemer, Eugen; White, Jack; Hendrik, Tony; Kamphuis, J	Nero; Vogelsang; April; Roemer; Young; Hanseatic; Intersong																		c60f599db86ec10b722c2028b072d5ec	34088643	No		Altacom|AmazonDOD|AudibleMagic|BeatportDigitalDownloadNetwork|Bleep|Boomkat|Dubstore|Flipagram|Gracenote|Grammofy|Hardwax|HDTracks|JunoRecords|NMusic|Phononet|Qanawat|Realnetwork-Listen(Muzicall)|Shazam|SimfyAfrica|SoundExchange|Touchtunes|Traxsource|VEVO|XboxMusic	Yes	No
Karneval Megaparty 2013	German	Karneval!	Germany	Blue Door Records Christian Lösch		Karneval!							2012-11-09	2012-11-09	No Pre-order			Mid/Front	Full Length	Blue Door Records Christian Lösch	Pop	Pop	2012 Blue Door Records Christian Lösch	4260149823625	4260149823625	1351021582864	1351021582864_00362		1351021582864_01_01.flac	1	1	Narhalla Marsch	German	Karneval Mix	Karneval!							Front	No	DEHT41202009	No	2012 Blue Door Records Christian Lösch	I have no master rights	Germany	Germany	ZULEHNER, KARL																			26b2977ea9ac1c06079039ddedb39bd7	13507264	No		Altacom|AmazonDOD|AudibleMagic|BeatportDigitalDownloadNetwork|Bleep|Boomkat|Dubstore|Flipagram|Gracenote|Grammofy|Hardwax|HDTracks|JunoRecords|NMusic|Phononet|Qanawat|Realnetwork-Listen(Muzicall)|Shazam|SimfyAfrica|SoundExchange|Touchtunes|Traxsource|VEVO|XboxMusic	Yes	No
Karneval Megaparty 2013	German	Karneval!	Germany	Blue Door Records Christian Lösch		Karneval!							2012-11-09	2012-11-09	No Pre-order			Mid/Front	Full Length	Blue Door Records Christian Lösch	Pop	Pop	2012 Blue Door Records Christian Lösch	4260149823625	4260149823625	1351021582864	1351021582864_00362		1351021582864_01_02.flac	1	2	Nur noch Schuhe an	German		Karneval!							Front	No	DEHT41202010	No	2012 Blue Door Records Christian Lösch	I have no master rights	Germany	Germany	KOOPMANS, ANTONIUS; KOOPMANS, GERARDUS	BME SONGS; SCHEDLER, RUDI, MUSIKVERLAG GMBH																		d06799a995daf2b9cd210bd6fbe77ece	28875113	No		Altacom|AmazonDOD|AudibleMagic|BeatportDigitalDownloadNetwork|Bleep|Boomkat|Dubstore|Flipagram|Gracenote|Grammofy|Hardwax|HDTracks|JunoRecords|NMusic|Phononet|Qanawat|Realnetwork-Listen(Muzicall)|Shazam|SimfyAfrica|SoundExchange|Touchtunes|Traxsource|VEVO|XboxMusic	Yes	No
Karneval Megaparty 2013	German	Karneval!	Germany	Blue Door Records Christian Lösch		Karneval!							2012-11-09	2012-11-09	No Pre-order			Mid/Front	Full Length	Blue Door Records Christian Lösch	Pop	Pop	2012 Blue Door Records Christian Lösch	4260149823625	4260149823625	1351021582864	1351021582864_00362		1351021582864_01_03.flac	1	3	Fastelovend Em Blot	German	Karneval 2013 Mix	Karneval!							Front	No	DEHT41202011	No	2012 Blue Door Records Christian Lösch	I have no master rights	Germany	Germany	Lösch, Christian	Blue Door Musikverlag																		62e860e3101b3e35dff3d0b1f7be5923	25844852	No		Altacom|AmazonDOD|AudibleMagic|BeatportDigitalDownloadNetwork|Bleep|Boomkat|Dubstore|Flipagram|Gracenote|Grammofy|Hardwax|HDTracks|JunoRecords|NMusic|Phononet|Qanawat|Realnetwork-Listen(Muzicall)|Shazam|SimfyAfrica|SoundExchange|Touchtunes|Traxsource|VEVO|XboxMusic	Yes	No
Karneval Megaparty 2013	German	Karneval!	Germany	Blue Door Records Christian Lösch		Karneval!							2012-11-09	2012-11-09	No Pre-order			Mid/Front	Full Length	Blue Door Records Christian Lösch	Pop	Pop	2012 Blue Door Records Christian Lösch	4260149823625	4260149823625	1351021582864	1351021582864_00362		1351021582864_01_04.flac	1	4	Denn wenn et Trömmelche jeht	German		Karneval!							Front	No	DEHT41202012	No	2012 Blue Door Records Christian Lösch	I have no master rights	Germany	Germany	BRAND, KARL-HEINZ	SOUNDSPLASH RECORDS MUSIK-VERLAG																		c38a91d533f6b3ac6c63861e017519c0	19678145	No		Altacom|AmazonDOD|AudibleMagic|BeatportDigitalDownloadNetwork|Bleep|Boomkat|Dubstore|Flipagram|Gracenote|Grammofy|Hardwax|HDTracks|JunoRecords|NMusic|Phononet|Qanawat|Realnetwork-Listen(Muzicall)|Shazam|SimfyAfrica|SoundExchange|Touchtunes|Traxsource|VEVO|XboxMusic	Yes	No
Karneval Megaparty 2013	German	Karneval!	Germany	Blue Door Records Christian Lösch		Karneval!							2012-11-09	2012-11-09	No Pre-order			Mid/Front	Full Length	Blue Door Records Christian Lösch	Pop	Pop	2012 Blue Door Records Christian Lösch	4260149823625	4260149823625	1351021582864	1351021582864_00362		1351021582864_01_05.flac	1	5	Die Hölle morgen früh	German		Karneval!							Front	No	DEHT41202013	No	2012 Blue Door Records Christian Lösch	I have no master rights	Germany	Germany	FRANKFURTER, JEAN	KATRIN EDITION DER SONY/ATV;																		6e3baa34ce3b3590559cb76359fa7a40	28930077	No		Altacom|AmazonDOD|AudibleMagic|BeatportDigitalDownloadNetwork|Bleep|Boomkat|Dubstore|Flipagram|Gracenote|Grammofy|Hardwax|HDTracks|JunoRecords|NMusic|Phononet|Qanawat|Realnetwork-Listen(Muzicall)|Shazam|SimfyAfrica|SoundExchange|Touchtunes|Traxsource|VEVO|XboxMusic	Yes	No
Karneval Megaparty 2013	German	Karneval!	Germany	Blue Door Records Christian Lösch		Karneval!							2012-11-09	2012-11-09	No Pre-order			Mid/Front	Full Length	Blue Door Records Christian Lösch	Pop	Pop	2012 Blue Door Records Christian Lösch	4260149823625	4260149823625	1351021582864	1351021582864_00362		1351021582864_01_06.flac	1	6	Schatzi schenk mir ein Foto	German		Karneval!							Front	No	DEHT41202014	No	2012 Blue Door Records Christian Lösch	I have no master rights	Germany	Germany	KOOPMANS, ANTONIUS; KOOPMANS, GERARDUS	BME SONGS; SCHEDLER, RUDI, MUSIKVERLAG GMBH																		37efb4de5f32100d4410f6ab72132a14	28324752	No		Altacom|AmazonDOD|AudibleMagic|BeatportDigitalDownloadNetwork|Bleep|Boomkat|Dubstore|Flipagram|Gracenote|Grammofy|Hardwax|HDTracks|JunoRecords|NMusic|Phononet|Qanawat|Realnetwork-Listen(Muzicall)|Shazam|SimfyAfrica|SoundExchange|Touchtunes|Traxsource|VEVO|XboxMusic	Yes	No
Karneval Megaparty 2013	German	Karneval!	Germany	Blue Door Records Christian Lösch		Karneval!							2012-11-09	2012-11-09	No Pre-order			Mid/Front	Full Length	Blue Door Records Christian Lösch	Pop	Pop	2012 Blue Door Records Christian Lösch	4260149823625	4260149823625	1351021582864	1351021582864_00362		1351021582864_01_07.flac	1	7	Mer losse d'r Dom in Kölle	German		Karneval!							Front	No	DEHT41202015	No	2012 Blue Door Records Christian Lösch	I have no master rights	Germany	Germany	ENGEL, THOMAS RICHARD	DE-BLAECK FOEOESS MUSIKVERLAG GMBH																		1b71fcfc9e94e989fb345b2a1b1ee9c8	32316182	No		Altacom|AmazonDOD|AudibleMagic|BeatportDigitalDownloadNetwork|Bleep|Boomkat|Dubstore|Flipagram|Gracenote|Grammofy|Hardwax|HDTracks|JunoRecords|NMusic|Phononet|Qanawat|Realnetwork-Listen(Muzicall)|Shazam|SimfyAfrica|SoundExchange|Touchtunes|Traxsource|VEVO|XboxMusic	Yes	No
Karneval Megaparty 2013	German	Karneval!	Germany	Blue Door Records Christian Lösch		Karneval!							2012-11-09	2012-11-09	No Pre-order			Mid/Front	Full Length	Blue Door Records Christian Lösch	Pop	Pop	2012 Blue Door Records Christian Lösch	4260149823625	4260149823625	1351021582864	1351021582864_00362		1351021582864_01_08.flac	1	8	Schenk mir dein Herz	German		Karneval!							Front	No	DEHT41202016	No	2012 Blue Door Records Christian Lösch	I have no master rights	Germany	Germany	FROEHLICH, JAN-PETER	Edition Höhner																		35e6512bbe784687669951db149a2c97	30190184	No		Altacom|AmazonDOD|AudibleMagic|BeatportDigitalDownloadNetwork|Bleep|Boomkat|Dubstore|Flipagram|Gracenote|Grammofy|Hardwax|HDTracks|JunoRecords|NMusic|Phononet|Qanawat|Realnetwork-Listen(Muzicall)|Shazam|SimfyAfrica|SoundExchange|Touchtunes|Traxsource|VEVO|XboxMusic	Yes	No
Karneval Megaparty 2013	German	Karneval!	Germany	Blue Door Records Christian Lösch		Karneval!							2012-11-09	2012-11-09	No Pre-order			Mid/Front	Full Length	Blue Door Records Christian Lösch	Pop	Pop	2012 Blue Door Records Christian Lösch	4260149823625	4260149823625	1351021582864	1351021582864_00362		1351021582864_01_09.flac	1	9	So ein schöner Tag (Fliegerlied)	German		Karneval!							Front	No	DEHT41202017	No	2012 Blue Door Records Christian Lösch	I have no master rights	Germany	Germany	DONAUER, ANDREAS	SCHEDLER, RUDI, MUSIKVERLAG GMBH																		499efc33d2b8d141fedce30507591f69	27960682	No		Altacom|AmazonDOD|AudibleMagic|BeatportDigitalDownloadNetwork|Bleep|Boomkat|Dubstore|Flipagram|Gracenote|Grammofy|Hardwax|HDTracks|JunoRecords|NMusic|Phononet|Qanawat|Realnetwork-Listen(Muzicall)|Shazam|SimfyAfrica|SoundExchange|Touchtunes|Traxsource|VEVO|XboxMusic	Yes	No
Karneval Megaparty 2013	German	Karneval!	Germany	Blue Door Records Christian Lösch		Karneval!							2012-11-09	2012-11-09	No Pre-order			Mid/Front	Full Length	Blue Door Records Christian Lösch	Pop	Pop	2012 Blue Door Records Christian Lösch	4260149823625	4260149823625	1351021582864	1351021582864_00362		1351021582864_01_10.flac	1	10	Tage wie diese (An Tagen wie diesen)	German		Karneval!							Front	No	DEHT41202018	No	2012 Blue Door Records Christian Lösch	I have no master rights	Germany	Germany	HOLST VON, ANDREAS	PKM PATRICKS KLEINER MUSIKVERLAG GMBH																		39e045f3aed276af6cc2c64b31fd1df0	32165963	No		Altacom|AmazonDOD|AudibleMagic|BeatportDigitalDownloadNetwork|Bleep|Boomkat|Dubstore|Flipagram|Gracenote|Grammofy|Hardwax|HDTracks|JunoRecords|NMusic|Phononet|Qanawat|Realnetwork-Listen(Muzicall)|Shazam|SimfyAfrica|SoundExchange|Touchtunes|Traxsource|VEVO|XboxMusic	Yes	No
Karneval Megaparty 2013	German	Karneval!	Germany	Blue Door Records Christian Lösch		Karneval!							2012-11-09	2012-11-09	No Pre-order			Mid/Front	Full Length	Blue Door Records Christian Lösch	Pop	Pop	2012 Blue Door Records Christian Lösch	4260149823625	4260149823625	1351021582864	1351021582864_00362		1351021582864_01_11.flac	1	11	Dicke Mädchen	German		Karneval!							Front	No	DEHT41202019	No	2012 Blue Door Records Christian Lösch	I have no master rights	Germany	Germany	FROEHLICH, JAN-PETER; KRAUTMACHER, HENNING;  SCHOENER, HANNES;  JATES, PETER, WERNER	VOGELSANG MUSIK GMBH																		88c83cd07ab7de0b33d5fd20027ea898	29149356	No		Altacom|AmazonDOD|AudibleMagic|BeatportDigitalDownloadNetwork|Bleep|Boomkat|Dubstore|Flipagram|Gracenote|Grammofy|Hardwax|HDTracks|JunoRecords|NMusic|Phononet|Qanawat|Realnetwork-Listen(Muzicall)|Shazam|SimfyAfrica|SoundExchange|Touchtunes|Traxsource|VEVO|XboxMusic	Yes	No
Karneval Megaparty 2013	German	Karneval!	Germany	Blue Door Records Christian Lösch		Karneval!							2012-11-09	2012-11-09	No Pre-order			Mid/Front	Full Length	Blue Door Records Christian Lösch	Pop	Pop	2012 Blue Door Records Christian Lösch	4260149823625	4260149823625	1351021582864	1351021582864_00362		1351021582864_01_12.flac	1	12	Du hast mich tausendmal belogen	German		Karneval!							Front	No	DEHT41202020	No	2012 Blue Door Records Christian Lösch	I have no master rights	Germany	Germany	Roemer, Eugen	Roemer Musikverlag																		352f9e3f66c129b44f0126989b03ca7f	28903282	No		Altacom|AmazonDOD|AudibleMagic|BeatportDigitalDownloadNetwork|Bleep|Boomkat|Dubstore|Flipagram|Gracenote|Grammofy|Hardwax|HDTracks|JunoRecords|NMusic|Phononet|Qanawat|Realnetwork-Listen(Muzicall)|Shazam|SimfyAfrica|SoundExchange|Touchtunes|Traxsource|VEVO|XboxMusic	Yes	No
Karneval Megaparty 2013	German	Karneval!	Germany	Blue Door Records Christian Lösch		Karneval!							2012-11-09	2012-11-09	No Pre-order			Mid/Front	Full Length	Blue Door Records Christian Lösch	Pop	Pop	2012 Blue Door Records Christian Lösch	4260149823625	4260149823625	1351021582864	1351021582864_00362		1351021582864_01_13.flac	1	13	Das rote Pferd	German	Karneval Party Mix	Karneval!							Front	No	DEHT41202021	No	2012 Blue Door Records Christian Lösch	I have no master rights	Germany	Germany	MONNOT, MARGUERITTE ANGELE;	FRANCIS SALABERT EDITIONS																		1c87ad9a57ecf3b1a05fcc6e4463f8c3	25754203	No		Altacom|AmazonDOD|AudibleMagic|BeatportDigitalDownloadNetwork|Bleep|Boomkat|Dubstore|Flipagram|Gracenote|Grammofy|Hardwax|HDTracks|JunoRecords|NMusic|Phononet|Qanawat|Realnetwork-Listen(Muzicall)|Shazam|SimfyAfrica|SoundExchange|Touchtunes|Traxsource|VEVO|XboxMusic	Yes	No
Karneval Megaparty 2013	German	Karneval!	Germany	Blue Door Records Christian Lösch		Karneval!							2012-11-09	2012-11-09	No Pre-order			Mid/Front	Full Length	Blue Door Records Christian Lösch	Pop	Pop	2012 Blue Door Records Christian Lösch	4260149823625	4260149823625	1351021582864	1351021582864_00362		1351021582864_01_14.flac	1	14	Amsterdam	German		Karneval!							Front	No	DEHT41202022	No	2012 Blue Door Records Christian Lösch	I have no master rights	Germany	Germany	BOTTLENBERG VON DEM, CORNELIA; MINKOW, SWETLANA	RADIO-TELE-MUSIC GMBH																		1c38e371a7acc01c100fccf4474c52e1	33439975	No		Altacom|AmazonDOD|AudibleMagic|BeatportDigitalDownloadNetwork|Bleep|Boomkat|Dubstore|Flipagram|Gracenote|Grammofy|Hardwax|HDTracks|JunoRecords|NMusic|Phononet|Qanawat|Realnetwork-Listen(Muzicall)|Shazam|SimfyAfrica|SoundExchange|Touchtunes|Traxsource|VEVO|XboxMusic	Yes	No
Karneval Megaparty 2013	German	Karneval!	Germany	Blue Door Records Christian Lösch		Karneval!							2012-11-09	2012-11-09	No Pre-order			Mid/Front	Full Length	Blue Door Records Christian Lösch	Pop	Pop	2012 Blue Door Records Christian Lösch	4260149823625	4260149823625	1351021582864	1351021582864_00362		1351021582864_01_15.flac	1	15	Viva  Colonia	German		Karneval!							Front	No	DEHT41202023	No	2012 Blue Door Records Christian Lösch	I have no master rights	Germany	Germany	FROEHLICH, JAN-PETER; KRAUTMACHER, HENNING; RUDNIK, RALF; SCHOENER, HANNES; WERNER JATES, PETER	VOGELSANG MUSIK GMBH																		1aca3d16f72309db00ec6bdf99ed1269	24382751	No		Altacom|AmazonDOD|AudibleMagic|BeatportDigitalDownloadNetwork|Bleep|Boomkat|Dubstore|Flipagram|Gracenote|Grammofy|Hardwax|HDTracks|JunoRecords|NMusic|Phononet|Qanawat|Realnetwork-Listen(Muzicall)|Shazam|SimfyAfrica|SoundExchange|Touchtunes|Traxsource|VEVO|XboxMusic	Yes	No
Karneval Megaparty 2013	German	Karneval!	Germany	Blue Door Records Christian Lösch		Karneval!							2012-11-09	2012-11-09	No Pre-order			Mid/Front	Full Length	Blue Door Records Christian Lösch	Pop	Pop	2012 Blue Door Records Christian Lösch	4260149823625	4260149823625	1351021582864	1351021582864_00362		1351021582864_01_16.flac	1	16	Rut sin de Ruse	German		Karneval!							Front	No	DEHT41202024	No	2012 Blue Door Records Christian Lösch	I have no master rights	Germany	Germany	JONET, RENE	CORBEAU PUBLISHING																		1f725c08a0e745b3e8139fc2d49b3efa	26950616	No		Altacom|AmazonDOD|AudibleMagic|BeatportDigitalDownloadNetwork|Bleep|Boomkat|Dubstore|Flipagram|Gracenote|Grammofy|Hardwax|HDTracks|JunoRecords|NMusic|Phononet|Qanawat|Realnetwork-Listen(Muzicall)|Shazam|SimfyAfrica|SoundExchange|Touchtunes|Traxsource|VEVO|XboxMusic	Yes	No
Karneval Megaparty 2013	German	Karneval!	Germany	Blue Door Records Christian Lösch		Karneval!							2012-11-09	2012-11-09	No Pre-order			Mid/Front	Full Length	Blue Door Records Christian Lösch	Pop	Pop	2012 Blue Door Records Christian Lösch	4260149823625	4260149823625	1351021582864	1351021582864_00362		1351021582864_01_17.flac	1	17	Er hat ein knallrotes Gummiboot	German	Karneval Mix 2013	Karneval!							Front	No	DEHT41202025	No	2012 Blue Door Records Christian Lösch	I have no master rights	Germany	Germany	SCHMIDT, BOBBY	PRIMUS EDITION ROLF BUDDE KG																		4f17b228531d613d06fd95c85d6e1baf	28313416	No		Altacom|AmazonDOD|AudibleMagic|BeatportDigitalDownloadNetwork|Bleep|Boomkat|Dubstore|Flipagram|Gracenote|Grammofy|Hardwax|HDTracks|JunoRecords|NMusic|Phononet|Qanawat|Realnetwork-Listen(Muzicall)|Shazam|SimfyAfrica|SoundExchange|Touchtunes|Traxsource|VEVO|XboxMusic	Yes	No
Karneval Megaparty 2013	German	Karneval!	Germany	Blue Door Records Christian Lösch		Karneval!							2012-11-09	2012-11-09	No Pre-order			Mid/Front	Full Length	Blue Door Records Christian Lösch	Pop	Pop	2012 Blue Door Records Christian Lösch	4260149823625	4260149823625	1351021582864	1351021582864_00362		1351021582864_01_18.flac	1	18	Cowboy und Indianer (Komm hol das Lasso raus)	German		Karneval!							Front	No	DEHT41202026	No	2012 Blue Door Records Christian Lösch	I have no master rights	Germany	Germany	PESCH /SCHOELER	GOTHIC MUSIKVERLAG GMBH																		0ff2eac38822b86486a6b2bdb3a24dcf	29520754	No		Altacom|AmazonDOD|AudibleMagic|BeatportDigitalDownloadNetwork|Bleep|Boomkat|Dubstore|Flipagram|Gracenote|Grammofy|Hardwax|HDTracks|JunoRecords|NMusic|Phononet|Qanawat|Realnetwork-Listen(Muzicall)|Shazam|SimfyAfrica|SoundExchange|Touchtunes|Traxsource|VEVO|XboxMusic	Yes	No
Karneval Megaparty 2013	German	Karneval!	Germany	Blue Door Records Christian Lösch		Karneval!							2012-11-09	2012-11-09	No Pre-order			Mid/Front	Full Length	Blue Door Records Christian Lösch	Pop	Pop	2012 Blue Door Records Christian Lösch	4260149823625	4260149823625	1351021582864	1351021582864_00362		1351021582864_01_19.flac	1	19	Die Hände zum Himmel	German		Karneval!							Front	No	DEHT41202027	No	2012 Blue Door Records Christian Lösch	I have no master rights	Germany	Germany	NIMWEGEN VAN	INTERSONG																		9807a7f56a2675840d6ab7758994f1b6	23824598	No		Altacom|AmazonDOD|AudibleMagic|BeatportDigitalDownloadNetwork|Bleep|Boomkat|Dubstore|Flipagram|Gracenote|Grammofy|Hardwax|HDTracks|JunoRecords|NMusic|Phononet|Qanawat|Realnetwork-Listen(Muzicall)|Shazam|SimfyAfrica|SoundExchange|Touchtunes|Traxsource|VEVO|XboxMusic	Yes	No
Karneval Megaparty 2013	German	Karneval!	Germany	Blue Door Records Christian Lösch		Karneval!							2012-11-09	2012-11-09	No Pre-order			Mid/Front	Full Length	Blue Door Records Christian Lösch	Pop	Pop	2012 Blue Door Records Christian Lösch	4260149823625	4260149823625	1351021582864	1351021582864_00362		1351021582864_01_20.flac	1	20	Oh wie ist das schön	German	Karneval Mix	Karneval!							Front	No	DEHT41202028	No	2012 Blue Door Records Christian Lösch	I have no master rights	Germany	Germany	LANDMESSER, JOSEF																			6458a0895506cf6d3e347d8d0d9b0448	34674092	No		Altacom|AmazonDOD|AudibleMagic|BeatportDigitalDownloadNetwork|Bleep|Boomkat|Dubstore|Flipagram|Gracenote|Grammofy|Hardwax|HDTracks|JunoRecords|NMusic|Phononet|Qanawat|Realnetwork-Listen(Muzicall)|Shazam|SimfyAfrica|SoundExchange|Touchtunes|Traxsource|VEVO|XboxMusic	Yes	No
Die Hölle morgen früh	German	Die Hölle morgen früh	Germany	Blue Door Records Christian Lösch		Die Hölle morgen früh							2012-10-12	2012-10-12	No Pre-order			Mid/Front	Full Length	Blue Door Records Christian Lösch	Pop	Pop	2012 Blue Door Records Christian Lösch	4050486085691	4050486085691	1350061746020	1350061746020_00372		1350061746020_01_01.flac	1	1	Die Hölle morgen früh	German		Die Hölle morgen früh							Front	No	DEHT41202115	No	2012 Blue Door Records Christian Lösch	I have no master rights	Germany	Germany	FRANKFURTER, JEAN	KATRIN EDITION DER SONY/ATV;																		6e3baa34ce3b3590559cb76359fa7a40	28930077	No		Altacom|AmazonDOD|AudibleMagic|BeatportDigitalDownloadNetwork|Bleep|Boomkat|Dubstore|Flipagram|Gracenote|Grammofy|Hardwax|HDTracks|iTunes/Apple|JunoRecords|NMusic|Phononet|Qanawat|Realnetwork-Listen(Muzicall)|Shazam|SimfyAfrica|SoundExchange|Touchtunes|Traxsource|VEVO|XboxMusic	Yes	No
Die Hölle morgen früh	German	Die Hölle morgen früh	Germany	Blue Door Records Christian Lösch		Die Hölle morgen früh							2012-10-12	2012-10-12	No Pre-order			Mid/Front	Full Length	Blue Door Records Christian Lösch	Pop	Pop	2012 Blue Door Records Christian Lösch	4050486085691	4050486085691	1350061746020	1350061746020_00372		1350061746020_01_02.flac	1	2	Die Hölle morgen früh	German	Karaoke Version	Die Hölle morgen früh							Front	No	DEHT41202116	No	2012 Blue Door Records Christian Lösch	I have no master rights	Germany	Germany	FRANKFURTER, JEAN	KATRIN EDITION DER SONY/ATV;																		0364b7956f2bad75e4661a6aa311c8eb	28284852	No		Altacom|AmazonDOD|AudibleMagic|BeatportDigitalDownloadNetwork|Bleep|Boomkat|Dubstore|Flipagram|Gracenote|Grammofy|Hardwax|HDTracks|iTunes/Apple|JunoRecords|NMusic|Phononet|Qanawat|Realnetwork-Listen(Muzicall)|Shazam|SimfyAfrica|SoundExchange|Touchtunes|Traxsource|VEVO|XboxMusic	Yes	No
Die Hölle morgen früh	German	Partyhits	Germany	Blue Door Records Christian Lösch		Partyhits							2012-10-12	2012-10-12	No Pre-order			Mid/Front	Full Length	Blue Door Records Christian Lösch	Pop	Pop	2012 Blue Door Records Christian Lösch	4260149823724	4260149823724	1349980790202	1349980790202_00372		1349980790202_01_01.flac	1	1	Die Hölle morgen früh	German		Partyhits							Front	No	DEHT41202115	No	2012 Blue Door Records Christian Lösch	I have no master rights	Germany	Germany	FRANKFURTER, JEAN	KATRIN EDITION DER SONY/ATV;																		6e3baa34ce3b3590559cb76359fa7a40	28930077	No		24/7EntertainmentGmbH|7Digital|Altacom|AmazonDigitalServicesInc.|AmazonDOD|AudibleMagic|BeatportDigitalDownloadNetwork|Bleep|Boomkat|Deezer|Dubstore|Flipagram|GoogleMusic|Gracenote|Grammofy|Hardwax|HDTracks|iHeartRadio|iMusica|JunoRecords|MediaNet|MondiaMedia|MusiwaveVideo|Napster|NMusic|Phononet|Qanawat|Qobuz|Realnetwork-Listen(Muzicall)|Shazam|SimfyAfrica|Slacker|SoundExchange|Spotify|TIDAL|Touchtunes|Traxsource|VEVO|XboxMusic	Yes	No
Die Hölle morgen früh	German	Partyhits	Germany	Blue Door Records Christian Lösch		Partyhits							2012-10-12	2012-10-12	No Pre-order			Mid/Front	Full Length	Blue Door Records Christian Lösch	Pop	Pop	2012 Blue Door Records Christian Lösch	4260149823724	4260149823724	1349980790202	1349980790202_00372		1349980790202_01_02.flac	1	2	Die Hölle morgen früh	German	Karaoke Version	Partyhits							Front	No	DEHT41202116	No	2012 Blue Door Records Christian Lösch	I have no master rights	Germany	Germany	FRANKFURTER, JEAN	KATRIN EDITION DER SONY/ATV;																		0364b7956f2bad75e4661a6aa311c8eb	28284852	No		24/7EntertainmentGmbH|7Digital|Altacom|AmazonDigitalServicesInc.|AmazonDOD|AudibleMagic|BeatportDigitalDownloadNetwork|Bleep|Boomkat|Deezer|Dubstore|Flipagram|GoogleMusic|Gracenote|Grammofy|Hardwax|HDTracks|iHeartRadio|iMusica|JunoRecords|MediaNet|MondiaMedia|MusiwaveVideo|Napster|NMusic|Phononet|Qanawat|Qobuz|Realnetwork-Listen(Muzicall)|Shazam|SimfyAfrica|Slacker|SoundExchange|Spotify|TIDAL|Touchtunes|Traxsource|VEVO|XboxMusic	Yes	No
Oktoberfest Megaparty Karaoke	German	1. FC Oktoberfest	Germany	Blue Door Records Christian Lösch		1. FC Oktoberfest							2012-08-31	2012-08-31	No Pre-order			Mid/Front	Full Length	Blue Door Records Christian Lösch	Pop	Pop	2012 Blue Door Records Christian Lösch	4260149823601	4260149823601	1345818465966	1345818465966_00360		1345818465966_01_01.flac	1	1	Ein Prosit der Gemütlichkeit	German	Karaoke Version	1. FC Oktoberfest							Front	No	DEHT41202009	No	2012 Blue Door Records Christian Lösch	I have no master rights	Germany	Germany	EGIDIUS, H.	HALTER MUSIKVERLAG																		fa7da6025abf2c55dd8aeb752e139ad4	5904509	No		Altacom|AmazonDOD|AudibleMagic|BeatportDigitalDownloadNetwork|Bleep|Boomkat|Dubstore|Flipagram|Gracenote|Grammofy|Hardwax|HDTracks|JunoRecords|NMusic|Phononet|Qanawat|Realnetwork-Listen(Muzicall)|Shazam|SimfyAfrica|SoundExchange|Touchtunes|Traxsource|VEVO|XboxMusic	Yes	No
Oktoberfest Megaparty Karaoke	German	1. FC Oktoberfest	Germany	Blue Door Records Christian Lösch		1. FC Oktoberfest							2012-08-31	2012-08-31	No Pre-order			Mid/Front	Full Length	Blue Door Records Christian Lösch	Pop	Pop	2012 Blue Door Records Christian Lösch	4260149823601	4260149823601	1345818465966	1345818465966_00360		1345818465966_01_02.flac	1	2	Nur noch Schuhe an	German	Karaoke Version	1. FC Oktoberfest							Front	No	DEHT41202010	No	2012 Blue Door Records Christian Lösch	I have no master rights	Germany	Germany	KOOPMANS, ANTONIUS G J TON; KOOPMANS, GERARDUS A GERARD	Schedler Musikverlag																		34ebc0455506c973f82f0d4e2e52edc5	28278579	No		Altacom|AmazonDOD|AudibleMagic|BeatportDigitalDownloadNetwork|Bleep|Boomkat|Dubstore|Flipagram|Gracenote|Grammofy|Hardwax|HDTracks|JunoRecords|NMusic|Phononet|Qanawat|Realnetwork-Listen(Muzicall)|Shazam|SimfyAfrica|SoundExchange|Touchtunes|Traxsource|VEVO|XboxMusic	Yes	No
Oktoberfest Megaparty Karaoke	German	1. FC Oktoberfest	Germany	Blue Door Records Christian Lösch		1. FC Oktoberfest							2012-08-31	2012-08-31	No Pre-order			Mid/Front	Full Length	Blue Door Records Christian Lösch	Pop	Pop	2012 Blue Door Records Christian Lösch	4260149823601	4260149823601	1345818465966	1345818465966_00360		1345818465966_01_03.flac	1	3	I sing a Liad für dich	German	Karaoke Version	1. FC Oktoberfest							Front	No	DEHT41202011	No	2012 Blue Door Records Christian Lösch	I have no master rights	Germany	Germany	GABALIER, ANDREAS;	ALPENPOP DEUTSCHLAND, EDITION; STALL, EDITION																		0f45c26f04aa44066dc05c8c1399ae19	24464614	No		Altacom|AmazonDOD|AudibleMagic|BeatportDigitalDownloadNetwork|Bleep|Boomkat|Dubstore|Flipagram|Gracenote|Grammofy|Hardwax|HDTracks|JunoRecords|NMusic|Phononet|Qanawat|Realnetwork-Listen(Muzicall)|Shazam|SimfyAfrica|SoundExchange|Touchtunes|Traxsource|VEVO|XboxMusic	Yes	No
Oktoberfest Megaparty Karaoke	German	1. FC Oktoberfest	Germany	Blue Door Records Christian Lösch		1. FC Oktoberfest							2012-08-31	2012-08-31	No Pre-order			Mid/Front	Full Length	Blue Door Records Christian Lösch	Pop	Pop	2012 Blue Door Records Christian Lösch	4260149823601	4260149823601	1345818465966	1345818465966_00360		1345818465966_01_04.flac	1	4	Schenk mir dein Herz	German	Karaoke Version	1. FC Oktoberfest							Front	No	DEHT41202012	No	2012 Blue Door Records Christian Lösch	I have no master rights	Germany	Germany	FROEHLICH, JAN-PETER	Edition Höhner																		54bda29333e7abfdacd1b3f1ad3832e8	27849753	No		Altacom|AmazonDOD|AudibleMagic|BeatportDigitalDownloadNetwork|Bleep|Boomkat|Dubstore|Flipagram|Gracenote|Grammofy|Hardwax|HDTracks|JunoRecords|NMusic|Phononet|Qanawat|Realnetwork-Listen(Muzicall)|Shazam|SimfyAfrica|SoundExchange|Touchtunes|Traxsource|VEVO|XboxMusic	Yes	No
Oktoberfest Megaparty Karaoke	German	1. FC Oktoberfest	Germany	Blue Door Records Christian Lösch		1. FC Oktoberfest							2012-08-31	2012-08-31	No Pre-order			Mid/Front	Full Length	Blue Door Records Christian Lösch	Pop	Pop	2012 Blue Door Records Christian Lösch	4260149823601	4260149823601	1345818465966	1345818465966_00360		1345818465966_01_05.flac	1	5	Zillertaler Hochzeitsmarsch	German	Party Mix - Karaoke Version	1. FC Oktoberfest							Front	No	DEHT41202013	No	2012 Blue Door Records Christian Lösch	I have no master rights	Germany	Germany	Trad.																			00078e5a6115b03172bd74dd99ab49d6	18739668	No		Altacom|AmazonDOD|AudibleMagic|BeatportDigitalDownloadNetwork|Bleep|Boomkat|Dubstore|Flipagram|Gracenote|Grammofy|Hardwax|HDTracks|JunoRecords|NMusic|Phononet|Qanawat|Realnetwork-Listen(Muzicall)|Shazam|SimfyAfrica|SoundExchange|Touchtunes|Traxsource|VEVO|XboxMusic	Yes	No
Oktoberfest Megaparty Karaoke	German	1. FC Oktoberfest	Germany	Blue Door Records Christian Lösch		1. FC Oktoberfest							2012-08-31	2012-08-31	No Pre-order			Mid/Front	Full Length	Blue Door Records Christian Lösch	Pop	Pop	2012 Blue Door Records Christian Lösch	4260149823601	4260149823601	1345818465966	1345818465966_00360		1345818465966_01_06.flac	1	6	Schatzi schenk mir ein Foto	German	Karaoke Version	1. FC Oktoberfest							Front	No	DEHT41202014	No	2012 Blue Door Records Christian Lösch	I have no master rights	Germany	Germany	KOOPMANS, ANTONIUS G J	SCHEDLER, RUDI, MUSIKVERLAG GMBH																		df3699a39960a4cb4f0162c52eb2a475	26491523	No		Altacom|AmazonDOD|AudibleMagic|BeatportDigitalDownloadNetwork|Bleep|Boomkat|Dubstore|Flipagram|Gracenote|Grammofy|Hardwax|HDTracks|JunoRecords|NMusic|Phononet|Qanawat|Realnetwork-Listen(Muzicall)|Shazam|SimfyAfrica|SoundExchange|Touchtunes|Traxsource|VEVO|XboxMusic	Yes	No
Oktoberfest Megaparty Karaoke	German	1. FC Oktoberfest	Germany	Blue Door Records Christian Lösch		1. FC Oktoberfest							2012-08-31	2012-08-31	No Pre-order			Mid/Front	Full Length	Blue Door Records Christian Lösch	Pop	Pop	2012 Blue Door Records Christian Lösch	4260149823601	4260149823601	1345818465966	1345818465966_00360		1345818465966_01_07.flac	1	7	Du hast mich tausendmal belogen	German	Karaoke Version	1. FC Oktoberfest							Front	No	DEHT41202015	No	2012 Blue Door Records Christian Lösch	I have no master rights	Germany	Germany	Roemer	Roemer																		f28c612db82131c6bb62111520ba3a89	26940863	No		Altacom|AmazonDOD|AudibleMagic|BeatportDigitalDownloadNetwork|Bleep|Boomkat|Dubstore|Flipagram|Gracenote|Grammofy|Hardwax|HDTracks|JunoRecords|NMusic|Phononet|Qanawat|Realnetwork-Listen(Muzicall)|Shazam|SimfyAfrica|SoundExchange|Touchtunes|Traxsource|VEVO|XboxMusic	Yes	No
Oktoberfest Megaparty Karaoke	German	1. FC Oktoberfest	Germany	Blue Door Records Christian Lösch		1. FC Oktoberfest							2012-08-31	2012-08-31	No Pre-order			Mid/Front	Full Length	Blue Door Records Christian Lösch	Pop	Pop	2012 Blue Door Records Christian Lösch	4260149823601	4260149823601	1345818465966	1345818465966_00360		1345818465966_01_08.flac	1	8	Alt wie ein Baum	German	Karaoke Version	1. FC Oktoberfest							Front	No	DEHT41202016	No	2012 Blue Door Records Christian Lösch	I have no master rights	Germany	Germany	BIRR, DIETER	Puhdys Musikverlag																		79abb9c987de85ad4368fd39a7dea58e	24713197	No		Altacom|AmazonDOD|AudibleMagic|BeatportDigitalDownloadNetwork|Bleep|Boomkat|Dubstore|Flipagram|Gracenote|Grammofy|Hardwax|HDTracks|JunoRecords|NMusic|Phononet|Qanawat|Realnetwork-Listen(Muzicall)|Shazam|SimfyAfrica|SoundExchange|Touchtunes|Traxsource|VEVO|XboxMusic	Yes	No
Oktoberfest Megaparty Karaoke	German	1. FC Oktoberfest	Germany	Blue Door Records Christian Lösch		1. FC Oktoberfest							2012-08-31	2012-08-31	No Pre-order			Mid/Front	Full Length	Blue Door Records Christian Lösch	Pop	Pop	2012 Blue Door Records Christian Lösch	4260149823601	4260149823601	1345818465966	1345818465966_00360		1345818465966_01_09.flac	1	9	Für einen Tag	German	Karaoke Version	1. FC Oktoberfest							Front	No	DEHT41202017	No	2012 Blue Door Records Christian Lösch	I have no master rights	Germany	Germany	HOEMIG, REINHARD;	CORNFIELD MUSIKVERLAG JUERGEN DREWS																		c16d2773aa306c6ade3f220820ffedb8	25695192	No		Altacom|AmazonDOD|AudibleMagic|BeatportDigitalDownloadNetwork|Bleep|Boomkat|Dubstore|Flipagram|Gracenote|Grammofy|Hardwax|HDTracks|JunoRecords|NMusic|Phononet|Qanawat|Realnetwork-Listen(Muzicall)|Shazam|SimfyAfrica|SoundExchange|Touchtunes|Traxsource|VEVO|XboxMusic	Yes	No
Oktoberfest Megaparty Karaoke	German	1. FC Oktoberfest	Germany	Blue Door Records Christian Lösch		1. FC Oktoberfest							2012-08-31	2012-08-31	No Pre-order			Mid/Front	Full Length	Blue Door Records Christian Lösch	Pop	Pop	2012 Blue Door Records Christian Lösch	4260149823601	4260149823601	1345818465966	1345818465966_00360		1345818465966_01_10.flac	1	10	Sweet Caroline	English	Karaoke Version	1. FC Oktoberfest							Front	No	DEHT41202018	No	2012 Blue Door Records Christian Lösch	I have no master rights	Germany	Germany	Diamond, Neil	STONEBRIDGE-MUSIC INC																		588c8cffde5f5f0490b08a21f112f5b6	28435490	No		Altacom|AmazonDOD|AudibleMagic|BeatportDigitalDownloadNetwork|Bleep|Boomkat|Dubstore|Flipagram|Gracenote|Grammofy|Hardwax|HDTracks|JunoRecords|NMusic|Phononet|Qanawat|Realnetwork-Listen(Muzicall)|Shazam|SimfyAfrica|SoundExchange|Touchtunes|Traxsource|VEVO|XboxMusic	Yes	No
Oktoberfest Megaparty Karaoke	German	1. FC Oktoberfest	Germany	Blue Door Records Christian Lösch		1. FC Oktoberfest							2012-08-31	2012-08-31	No Pre-order			Mid/Front	Full Length	Blue Door Records Christian Lösch	Pop	Pop	2012 Blue Door Records Christian Lösch	4260149823601	4260149823601	1345818465966	1345818465966_00360		1345818465966_01_11.flac	1	11	So a schöner Tag (Fliegerlied)	German	Karaoke Version	1. FC Oktoberfest							Front	No	DEHT41202019	No	2012 Blue Door Records Christian Lösch	I have no master rights	Germany	Germany	DONAUER, ANDREAS	SCHEDLER, RUDI, MUSIKVERLAG GMBH																		dfb4cec1ac2a75580c71390255cf0701	26505107	No		Altacom|AmazonDOD|AudibleMagic|BeatportDigitalDownloadNetwork|Bleep|Boomkat|Dubstore|Flipagram|Gracenote|Grammofy|Hardwax|HDTracks|JunoRecords|NMusic|Phononet|Qanawat|Realnetwork-Listen(Muzicall)|Shazam|SimfyAfrica|SoundExchange|Touchtunes|Traxsource|VEVO|XboxMusic	Yes	No
Oktoberfest Megaparty Karaoke	German	1. FC Oktoberfest	Germany	Blue Door Records Christian Lösch		1. FC Oktoberfest							2012-08-31	2012-08-31	No Pre-order			Mid/Front	Full Length	Blue Door Records Christian Lösch	Pop	Pop	2012 Blue Door Records Christian Lösch	4260149823601	4260149823601	1345818465966	1345818465966_00360		1345818465966_01_12.flac	1	12	Oktoberfest	German	Karaoke Version	1. FC Oktoberfest							Front	No	DEHT41202020	No	2012 Blue Door Records Christian Lösch	I have no master rights	Germany	Germany	Lösch, Christian	Blue Door Musikverlag																		bb037992e8390a31cce48ca1b5880a43	26481349	No		Altacom|AmazonDOD|AudibleMagic|BeatportDigitalDownloadNetwork|Bleep|Boomkat|Dubstore|Flipagram|Gracenote|Grammofy|Hardwax|HDTracks|JunoRecords|NMusic|Phononet|Qanawat|Realnetwork-Listen(Muzicall)|Shazam|SimfyAfrica|SoundExchange|Touchtunes|Traxsource|VEVO|XboxMusic	Yes	No
Oktoberfest Megaparty Karaoke	German	1. FC Oktoberfest	Germany	Blue Door Records Christian Lösch		1. FC Oktoberfest							2012-08-31	2012-08-31	No Pre-order			Mid/Front	Full Length	Blue Door Records Christian Lösch	Pop	Pop	2012 Blue Door Records Christian Lösch	4260149823601	4260149823601	1345818465966	1345818465966_00360		1345818465966_01_13.flac	1	13	Bayerischer Defiliermarsch	German	Party Mix - Karaoke Version without Melody	1. FC Oktoberfest							Front	No	DEHT41202021	No	2012 Blue Door Records Christian Lösch	I have no master rights	Germany	Germany	SCHERZER, ADOLPH																			70d46959744d6ada1c593917388f8687	24021822	No		Altacom|AmazonDOD|AudibleMagic|BeatportDigitalDownloadNetwork|Bleep|Boomkat|Dubstore|Flipagram|Gracenote|Grammofy|Hardwax|HDTracks|JunoRecords|NMusic|Phononet|Qanawat|Realnetwork-Listen(Muzicall)|Shazam|SimfyAfrica|SoundExchange|Touchtunes|Traxsource|VEVO|XboxMusic	Yes	No
Oktoberfest Megaparty Karaoke	German	1. FC Oktoberfest	Germany	Blue Door Records Christian Lösch		1. FC Oktoberfest							2012-08-31	2012-08-31	No Pre-order			Mid/Front	Full Length	Blue Door Records Christian Lösch	Pop	Pop	2012 Blue Door Records Christian Lösch	4260149823601	4260149823601	1345818465966	1345818465966_00360		1345818465966_01_14.flac	1	14	Gemma Bier trinken	German	Karaoke Version	1. FC Oktoberfest							Front	No	DEHT41202022	No	2012 Blue Door Records Christian Lösch	I have no master rights	Germany	Germany	KACKL, MICHAEL	HAWKES-AND-SON																		1ecd36b28727cefabd476d416542aa90	33197944	No		Altacom|AmazonDOD|AudibleMagic|BeatportDigitalDownloadNetwork|Bleep|Boomkat|Dubstore|Flipagram|Gracenote|Grammofy|Hardwax|HDTracks|JunoRecords|NMusic|Phononet|Qanawat|Realnetwork-Listen(Muzicall)|Shazam|SimfyAfrica|SoundExchange|Touchtunes|Traxsource|VEVO|XboxMusic	Yes	No
Oktoberfest Megaparty Karaoke	German	1. FC Oktoberfest	Germany	Blue Door Records Christian Lösch		1. FC Oktoberfest							2012-08-31	2012-08-31	No Pre-order			Mid/Front	Full Length	Blue Door Records Christian Lösch	Pop	Pop	2012 Blue Door Records Christian Lösch	4260149823601	4260149823601	1345818465966	1345818465966_00360		1345818465966_01_15.flac	1	15	In München steht ein Hofbräuhaus	German	Karaoke Version	1. FC Oktoberfest							Front	No	DEHT41202023	No	2012 Blue Door Records Christian Lösch	I have no master rights	Germany	Germany	Gabriel, Wilhelm																			ac947221cb62b5b681cb2b7645fa3399	21974846	No		Altacom|AmazonDOD|AudibleMagic|BeatportDigitalDownloadNetwork|Bleep|Boomkat|Dubstore|Flipagram|Gracenote|Grammofy|Hardwax|HDTracks|JunoRecords|NMusic|Phononet|Qanawat|Realnetwork-Listen(Muzicall)|Shazam|SimfyAfrica|SoundExchange|Touchtunes|Traxsource|VEVO|XboxMusic	Yes	No
Oktoberfest Megaparty Karaoke	German	1. FC Oktoberfest	Germany	Blue Door Records Christian Lösch		1. FC Oktoberfest							2012-08-31	2012-08-31	No Pre-order			Mid/Front	Full Length	Blue Door Records Christian Lösch	Pop	Pop	2012 Blue Door Records Christian Lösch	4260149823601	4260149823601	1345818465966	1345818465966_00360		1345818465966_01_16.flac	1	16	Herzilein	German	Party Mix - Karaoke Version	1. FC Oktoberfest							Front	No	DEHT41202024	No	2012 Blue Door Records Christian Lösch	I have no master rights	Germany	Germany	LUEDTKE, BURKHARD; LUEDTKE, CAROLA	HANSA MUSIK VERLAG GMBH																		09dae7daada6d21bcc24ccdc6a3b5bf1	23783269	No		Altacom|AmazonDOD|AudibleMagic|BeatportDigitalDownloadNetwork|Bleep|Boomkat|Dubstore|Flipagram|Gracenote|Grammofy|Hardwax|HDTracks|JunoRecords|NMusic|Phononet|Qanawat|Realnetwork-Listen(Muzicall)|Shazam|SimfyAfrica|SoundExchange|Touchtunes|Traxsource|VEVO|XboxMusic	Yes	No
Oktoberfest Megaparty Karaoke	German	1. FC Oktoberfest	Germany	Blue Door Records Christian Lösch		1. FC Oktoberfest							2012-08-31	2012-08-31	No Pre-order			Mid/Front	Full Length	Blue Door Records Christian Lösch	Pop	Pop	2012 Blue Door Records Christian Lösch	4260149823601	4260149823601	1345818465966	1345818465966_00360		1345818465966_01_17.flac	1	17	Wenn die Wunderkerzen brennen	German	Karaoke Version	1. FC Oktoberfest							Front	No	DEHT41202025	No	2012 Blue Door Records Christian Lösch	I have no master rights	Germany	Germany	HOEMIG, REINER	CORNFIELD MUSIKVERLAG JUERGEN DREWS; MOEVE-MUSIKVERLAG REINHARD HOEMIG; XTREME SOUND, EDITION																		cd8eff118c5007eeb29e968a09aa3d6f	28115247	No		Altacom|AmazonDOD|AudibleMagic|BeatportDigitalDownloadNetwork|Bleep|Boomkat|Dubstore|Flipagram|Gracenote|Grammofy|Hardwax|HDTracks|JunoRecords|NMusic|Phononet|Qanawat|Realnetwork-Listen(Muzicall)|Shazam|SimfyAfrica|SoundExchange|Touchtunes|Traxsource|VEVO|XboxMusic	Yes	No
Oktoberfest Megaparty Karaoke	German	1. FC Oktoberfest	Germany	Blue Door Records Christian Lösch		1. FC Oktoberfest							2012-08-31	2012-08-31	No Pre-order			Mid/Front	Full Length	Blue Door Records Christian Lösch	Pop	Pop	2012 Blue Door Records Christian Lösch	4260149823601	4260149823601	1345818465966	1345818465966_00360		1345818465966_01_18.flac	1	18	Trompetenecho	German	DJ Mix - Karaoke Version without Melody	1. FC Oktoberfest							Front	No	DEHT41202026	No	2012 Blue Door Records Christian Lösch	I have no master rights	Germany	Germany	Avsenik, Slavko	SEITH AUGUST MUSIK-VERLAG																		72b96af06d63b4ac4ee09001fbe31694	22085145	No		Altacom|AmazonDOD|AudibleMagic|BeatportDigitalDownloadNetwork|Bleep|Boomkat|Dubstore|Flipagram|Gracenote|Grammofy|Hardwax|HDTracks|JunoRecords|NMusic|Phononet|Qanawat|Realnetwork-Listen(Muzicall)|Shazam|SimfyAfrica|SoundExchange|Touchtunes|Traxsource|VEVO|XboxMusic	Yes	No
Oktoberfest Megaparty Karaoke	German	1. FC Oktoberfest	Germany	Blue Door Records Christian Lösch		1. FC Oktoberfest							2012-08-31	2012-08-31	No Pre-order			Mid/Front	Full Length	Blue Door Records Christian Lösch	Pop	Pop	2012 Blue Door Records Christian Lösch	4260149823601	4260149823601	1345818465966	1345818465966_00360		1345818465966_01_19.flac	1	19	Fürstenfeld	German	Karaoke Version	1. FC Oktoberfest							Front	No	DEHT41202027	No	2012 Blue Door Records Christian Lösch	I have no master rights	Germany	Germany	SCHIFFKOWITZ	SCHEIBMAIER KARL																		affc4aa14c81f4b6dbae5011a2047255	29704213	No		Altacom|AmazonDOD|AudibleMagic|BeatportDigitalDownloadNetwork|Bleep|Boomkat|Dubstore|Flipagram|Gracenote|Grammofy|Hardwax|HDTracks|JunoRecords|NMusic|Phononet|Qanawat|Realnetwork-Listen(Muzicall)|Shazam|SimfyAfrica|SoundExchange|Touchtunes|Traxsource|VEVO|XboxMusic	Yes	No
Oktoberfest Megaparty Karaoke	German	1. FC Oktoberfest	Germany	Blue Door Records Christian Lösch		1. FC Oktoberfest							2012-08-31	2012-08-31	No Pre-order			Mid/Front	Full Length	Blue Door Records Christian Lösch	Pop	Pop	2012 Blue Door Records Christian Lösch	4260149823601	4260149823601	1345818465966	1345818465966_00360		1345818465966_01_20.flac	1	20	Oktoberfest Megaparty Schlagermedley	German	Karaoke Version	1. FC Oktoberfest							Front	No	DEHT41202028	No	2012 Blue Door Records Christian Lösch	I have no master rights	Germany	Germany	Bruhn, Christian; Deutscher, Drafi; Rudnik, Ralf; Cordalis, Costa; Roemer, Eugen; White Jack; Hendrik, Tony; van Nimwegen, Danny	Koch Musikverlage																		5519599d763d8c05f2432a8d76216b40	31025335	No		Altacom|AmazonDOD|AudibleMagic|BeatportDigitalDownloadNetwork|Bleep|Boomkat|Dubstore|Flipagram|Gracenote|Grammofy|Hardwax|HDTracks|JunoRecords|NMusic|Phononet|Qanawat|Realnetwork-Listen(Muzicall)|Shazam|SimfyAfrica|SoundExchange|Touchtunes|Traxsource|VEVO|XboxMusic	Yes	No
Er ist ein DJ	German	DJ Onko	Germany	Blue Door Records Christian Lösch		DJ Onko	Chris Martin						2012-08-24	2012-08-24	No Pre-order			Mid/Front	Full Length	Blue Door Records Christian Lösch	Pop	Pop	2012 Blue Door Records Christian Lösch	4260149823588	4260149823588	1345584431176	1345584431176_00358		1345584431176_01_01.flac	1	1	Er ist ein DJ	German	Fox-Mix	DJ Onko	Chris Martin						Front	No	DEHT41202003	No	2012 Blue Door Records Christian Lösch	I have no master rights	Germany	Germany	Lösch, Christian	Blue Door Musikverlag																		a5acaa3d5847ca2084a23e2a18d3ec8b	31025369	No		Altacom|AmazonDOD|AudibleMagic|BeatportDigitalDownloadNetwork|Bleep|Boomkat|Deezer|Dubstore|Flipagram|Gracenote|Grammofy|Hardwax|HDTracks|JunoRecords|NMusic|Phononet|Qanawat|Realnetwork-Listen(Muzicall)|Shazam|SimfyAfrica|SoundExchange|Spotify|Touchtunes|Traxsource|VEVO|XboxMusic	Yes	No
Er ist ein DJ	German	DJ Onko	Germany	Blue Door Records Christian Lösch		DJ Onko	Chris Martin						2012-08-24	2012-08-24	No Pre-order			Mid/Front	Full Length	Blue Door Records Christian Lösch	Pop	Pop	2012 Blue Door Records Christian Lösch	4260149823588	4260149823588	1345584431176	1345584431176_00358		1345584431176_01_02.flac	1	2	Er ist ein DJ	German	Fox-Mix - Karaoke Version	DJ Onko	Chris Martin						Front	No	DEHT41202004	No	2012 Blue Door Records Christian Lösch	I have no master rights	Germany	Germany	Lösch, Christian	Blue Door Musikverlag																		d65abeac67e3f6be2a82d87558be36a8	30905855	No		Altacom|AmazonDOD|AudibleMagic|BeatportDigitalDownloadNetwork|Bleep|Boomkat|Deezer|Dubstore|Flipagram|Gracenote|Grammofy|Hardwax|HDTracks|JunoRecords|NMusic|Phononet|Qanawat|Realnetwork-Listen(Muzicall)|Shazam|SimfyAfrica|SoundExchange|Spotify|Touchtunes|Traxsource|VEVO|XboxMusic	Yes	No
Er ist ein DJ	German	DJ Onko	Germany	Blue Door Records Christian Lösch		DJ Onko	Chris Martin						2012-08-24	2012-08-24	No Pre-order			Mid/Front	Full Length	Blue Door Records Christian Lösch	Pop	Pop	2012 Blue Door Records Christian Lösch	4260149823588	4260149823588	1345584431176	1345584431176_00358		1345584431176_01_03.flac	1	3	Er ist ein DJ	German	Fox-Mix - Karaoke Version ohne Chor	DJ Onko	Chris Martin						Front	No	DEHT41202005	No	2012 Blue Door Records Christian Lösch	I have no master rights	Germany	Germany	Lösch, Christian	Blue Door Musikverlag																		2b05bd685f892439fe48aa32eb3441cc	30734529	No		Altacom|AmazonDOD|AudibleMagic|BeatportDigitalDownloadNetwork|Bleep|Boomkat|Deezer|Dubstore|Flipagram|Gracenote|Grammofy|Hardwax|HDTracks|JunoRecords|NMusic|Phononet|Qanawat|Realnetwork-Listen(Muzicall)|Shazam|SimfyAfrica|SoundExchange|Spotify|Touchtunes|Traxsource|VEVO|XboxMusic	Yes	No
Oktoberfest	German	1. FC Oktoberfest	Germany	Blue Door Records Christian Lösch		1. FC Oktoberfest							2012-08-24	2012-08-24	No Pre-order			Mid/Front	Full Length	Blue Door Records Christian Lösch	Pop	Pop	2012 Blue Door Records Christian Lösch	4260149823595	4260149823595	1345581575836	1345581575836_00359		1345581575836_01_01.flac	1	1	Oktoberfest (Oh, Oh, Oh, Oktoberfest)	German		1. FC Oktoberfest							Front	No	DEHT41202006	No	2012 Blue Door Records Christian Lösch	I have no master rights	Germany	Germany	Lösch, Christian	Blue Door Musikverlag																		856031bb8e1521c550737c5626770988	27036808	No		Altacom|AmazonDOD|AudibleMagic|BeatportDigitalDownloadNetwork|Bleep|Boomkat|Deezer|Dubstore|Flipagram|Gracenote|Grammofy|Hardwax|HDTracks|JunoRecords|NMusic|Phononet|Qanawat|Realnetwork-Listen(Muzicall)|Shazam|SimfyAfrica|SoundExchange|Spotify|Touchtunes|Traxsource|VEVO|XboxMusic	Yes	No
Oktoberfest	German	1. FC Oktoberfest	Germany	Blue Door Records Christian Lösch		1. FC Oktoberfest							2012-08-24	2012-08-24	No Pre-order			Mid/Front	Full Length	Blue Door Records Christian Lösch	Pop	Pop	2012 Blue Door Records Christian Lösch	4260149823595	4260149823595	1345581575836	1345581575836_00359		1345581575836_01_02.flac	1	2	Oktoberfest (Oh, Oh, Oh, Oktoberfest)	German	Karaoke Version	1. FC Oktoberfest							Front	No	DEHT41202007	No	2012 Blue Door Records Christian Lösch	I have no master rights	Germany	Germany	Lösch, Christian	Blue Door Musikverlag																		bb037992e8390a31cce48ca1b5880a43	26481349	No		Altacom|AmazonDOD|AudibleMagic|BeatportDigitalDownloadNetwork|Bleep|Boomkat|Deezer|Dubstore|Flipagram|Gracenote|Grammofy|Hardwax|HDTracks|JunoRecords|NMusic|Phononet|Qanawat|Realnetwork-Listen(Muzicall)|Shazam|SimfyAfrica|SoundExchange|Spotify|Touchtunes|Traxsource|VEVO|XboxMusic	Yes	No
Oktoberfest	German	1. FC Oktoberfest	Germany	Blue Door Records Christian Lösch		1. FC Oktoberfest							2012-08-24	2012-08-24	No Pre-order			Mid/Front	Full Length	Blue Door Records Christian Lösch	Pop	Pop	2012 Blue Door Records Christian Lösch	4260149823595	4260149823595	1345581575836	1345581575836_00359		1345581575836_01_03.flac	1	3	Oktoberfest (Oh, Oh, Oh, Oktoberfest)	German	Karaoke Version ohne Chor	1. FC Oktoberfest							Front	No	DEHT41202008	No	2012 Blue Door Records Christian Lösch	I have no master rights	Germany	Germany	Lösch, Christian	Blue Door Musikverlag																		ffc2b1ad44882945a4bdf542c8761fd6	26421209	No		Altacom|AmazonDOD|AudibleMagic|BeatportDigitalDownloadNetwork|Bleep|Boomkat|Deezer|Dubstore|Flipagram|Gracenote|Grammofy|Hardwax|HDTracks|JunoRecords|NMusic|Phononet|Qanawat|Realnetwork-Listen(Muzicall)|Shazam|SimfyAfrica|SoundExchange|Spotify|Touchtunes|Traxsource|VEVO|XboxMusic	Yes	No
Oktoberfest	German	Original Oktoberfest	Germany	Blue Door Records Christian Lösch		Original Oktoberfest							2012-08-31	2012-08-31	No Pre-order			Mid/Front	Full Length	Blue Door Records Christian Lösch	New Age	World	2012 Blue Door Records Christian Lösch	4260149823571	4260149823571	1345477445516	1345477445516_00357		1345477445516_01_01.flac	1	1	Ein Prosit der Gemütlichkeit (kurz)	German		Original Oktoberfest							Front	No	DEHT41201963	No	2012 Blue Door Records Christian Lösch	I have no master rights	Germany	Germany	EGIDIUS, H.	HALTER MUSIKVERLAG																		7a593b49dc4bdcc4632c79231cf517da	4557795	No		Altacom|AmazonDOD|AudibleMagic|BeatportDigitalDownloadNetwork|Bleep|Boomkat|Dubstore|Flipagram|Gracenote|Grammofy|Hardwax|HDTracks|JunoRecords|NMusic|Phononet|Qanawat|Realnetwork-Listen(Muzicall)|Shazam|SimfyAfrica|SoundExchange|Touchtunes|Traxsource|VEVO|XboxMusic	Yes	No
Oktoberfest	German	Original Oktoberfest	Germany	Blue Door Records Christian Lösch		Original Oktoberfest							2012-08-31	2012-08-31	No Pre-order			Mid/Front	Full Length	Blue Door Records Christian Lösch	New Age	World	2012 Blue Door Records Christian Lösch	4260149823571	4260149823571	1345477445516	1345477445516_00357		1345477445516_01_02.flac	1	2	Zillertaler Hochzeitsmarsch	German		Original Oktoberfest							Front	No	DEHT41201964	No	2012 Blue Door Records Christian Lösch	I have no master rights	Germany	Germany	Trad.																			925d3196d9383c96befe6acdd7c1f242	21047469	No		Altacom|AmazonDOD|AudibleMagic|BeatportDigitalDownloadNetwork|Bleep|Boomkat|Dubstore|Flipagram|Gracenote|Grammofy|Hardwax|HDTracks|JunoRecords|NMusic|Phononet|Qanawat|Realnetwork-Listen(Muzicall)|Shazam|SimfyAfrica|SoundExchange|Touchtunes|Traxsource|VEVO|XboxMusic	Yes	No
Oktoberfest	German	Original Oktoberfest	Germany	Blue Door Records Christian Lösch		Original Oktoberfest							2012-08-31	2012-08-31	No Pre-order			Mid/Front	Full Length	Blue Door Records Christian Lösch	New Age	World	2012 Blue Door Records Christian Lösch	4260149823571	4260149823571	1345477445516	1345477445516_00357		1345477445516_01_03.flac	1	3	Dafür mach ma Musi	German		Original Oktoberfest							Front	No	DEHT41201965	No	2012 Blue Door Records Christian Lösch	I have no master rights	Germany	Germany	MUESSIG, RUDOLF	MONTANA MUSIKVERLAG																		bfc790e04ebca6bed2b778981a7750ec	28425421	No		Altacom|AmazonDOD|AudibleMagic|BeatportDigitalDownloadNetwork|Bleep|Boomkat|Dubstore|Flipagram|Gracenote|Grammofy|Hardwax|HDTracks|JunoRecords|NMusic|Phononet|Qanawat|Realnetwork-Listen(Muzicall)|Shazam|SimfyAfrica|SoundExchange|Touchtunes|Traxsource|VEVO|XboxMusic	Yes	No
Oktoberfest	German	Original Oktoberfest	Germany	Blue Door Records Christian Lösch		Original Oktoberfest							2012-08-31	2012-08-31	No Pre-order			Mid/Front	Full Length	Blue Door Records Christian Lösch	New Age	World	2012 Blue Door Records Christian Lösch	4260149823571	4260149823571	1345477445516	1345477445516_00357		1345477445516_01_04.flac	1	4	Lichtensteiner Polka	German		Original Oktoberfest							Front	No	DEHT41201966	No	2012 Blue Door Records Christian Lösch	I have no master rights	Germany	Germany	KOETSCHER, EDMUND	MINERVA-MUSIC																		2441e2aa55af10f748aade62cea92d53	19901780	No		Altacom|AmazonDOD|AudibleMagic|BeatportDigitalDownloadNetwork|Bleep|Boomkat|Dubstore|Flipagram|Gracenote|Grammofy|Hardwax|HDTracks|JunoRecords|NMusic|Phononet|Qanawat|Realnetwork-Listen(Muzicall)|Shazam|SimfyAfrica|SoundExchange|Touchtunes|Traxsource|VEVO|XboxMusic	Yes	No
Oktoberfest	German	Original Oktoberfest	Germany	Blue Door Records Christian Lösch		Original Oktoberfest							2012-08-31	2012-08-31	No Pre-order			Mid/Front	Full Length	Blue Door Records Christian Lösch	New Age	World	2012 Blue Door Records Christian Lösch	4260149823571	4260149823571	1345477445516	1345477445516_00357		1345477445516_01_05.flac	1	5	So a schöner Tag (Fliegerlied)	German		Original Oktoberfest							Front	No	DEHT41201967	No	2012 Blue Door Records Christian Lösch	I have no master rights	Germany	Germany	DONAUER, ANDREAS	SCHEDLER, RUDI, MUSIKVERLAG GMBH																		499efc33d2b8d141fedce30507591f69	27960682	No		Altacom|AmazonDOD|AudibleMagic|BeatportDigitalDownloadNetwork|Bleep|Boomkat|Dubstore|Flipagram|Gracenote|Grammofy|Hardwax|HDTracks|JunoRecords|NMusic|Phononet|Qanawat|Realnetwork-Listen(Muzicall)|Shazam|SimfyAfrica|SoundExchange|Touchtunes|Traxsource|VEVO|XboxMusic	Yes	No
Oktoberfest	German	Original Oktoberfest	Germany	Blue Door Records Christian Lösch		Original Oktoberfest							2012-08-31	2012-08-31	No Pre-order			Mid/Front	Full Length	Blue Door Records Christian Lösch	New Age	World	2012 Blue Door Records Christian Lösch	4260149823571	4260149823571	1345477445516	1345477445516_00357		1345477445516_01_06.flac	1	6	Rosamunde	German		Original Oktoberfest							Front	No	DEHT41201968	No	2012 Blue Door Records Christian Lösch	I have no master rights	Germany	Germany	VEJVODA, JAROMIR	MUSIKVERLAG JOH HOFFMANN																		7d9332da3daf7498b41401a36ac14cfc	24669644	No		Altacom|AmazonDOD|AudibleMagic|BeatportDigitalDownloadNetwork|Bleep|Boomkat|Dubstore|Flipagram|Gracenote|Grammofy|Hardwax|HDTracks|JunoRecords|NMusic|Phononet|Qanawat|Realnetwork-Listen(Muzicall)|Shazam|SimfyAfrica|SoundExchange|Touchtunes|Traxsource|VEVO|XboxMusic	Yes	No
Oktoberfest	German	Original Oktoberfest	Germany	Blue Door Records Christian Lösch		Original Oktoberfest							2012-08-31	2012-08-31	No Pre-order			Mid/Front	Full Length	Blue Door Records Christian Lösch	New Age	World	2012 Blue Door Records Christian Lösch	4260149823571	4260149823571	1345477445516	1345477445516_00357		1345477445516_01_07.flac	1	7	Cowboy und Indianer	German		Original Oktoberfest							Front	No	DEHT41201969	No	2012 Blue Door Records Christian Lösch	I have no master rights	Germany	Germany	PESCH; SCHOELER	GOTHIC MUSIKVERLAG GMBH																		d3dbd54e0b982ac92362e9407935bbeb	30366382	No		Altacom|AmazonDOD|AudibleMagic|BeatportDigitalDownloadNetwork|Bleep|Boomkat|Dubstore|Flipagram|Gracenote|Grammofy|Hardwax|HDTracks|JunoRecords|NMusic|Phononet|Qanawat|Realnetwork-Listen(Muzicall)|Shazam|SimfyAfrica|SoundExchange|Touchtunes|Traxsource|VEVO|XboxMusic	Yes	No
Oktoberfest	German	Original Oktoberfest	Germany	Blue Door Records Christian Lösch		Original Oktoberfest							2012-08-31	2012-08-31	No Pre-order			Mid/Front	Full Length	Blue Door Records Christian Lösch	New Age	World	2012 Blue Door Records Christian Lösch	4260149823571	4260149823571	1345477445516	1345477445516_00357		1345477445516_01_08.flac	1	8	Einen Stern (der deinen Namen trägt)	German		Original Oktoberfest							Front	No	DEHT41201970	No	2012 Blue Door Records Christian Lösch	I have no master rights	Germany	Germany	PRESNIK, NIKOLAUS	REGENMACHER EDITION																		cbf80c8590bb7c2841f708a43ea017a6	28611919	No		Altacom|AmazonDOD|AudibleMagic|BeatportDigitalDownloadNetwork|Bleep|Boomkat|Dubstore|Flipagram|Gracenote|Grammofy|Hardwax|HDTracks|JunoRecords|NMusic|Phononet|Qanawat|Realnetwork-Listen(Muzicall)|Shazam|SimfyAfrica|SoundExchange|Touchtunes|Traxsource|VEVO|XboxMusic	Yes	No
Oktoberfest	German	Original Oktoberfest	Germany	Blue Door Records Christian Lösch		Original Oktoberfest							2012-08-31	2012-08-31	No Pre-order			Mid/Front	Full Length	Blue Door Records Christian Lösch	New Age	World	2012 Blue Door Records Christian Lösch	4260149823571	4260149823571	1345477445516	1345477445516_00357		1345477445516_01_09.flac	1	9	Amsterdam	German		Original Oktoberfest							Front	No	DEHT41201971	No	2012 Blue Door Records Christian Lösch	I have no master rights	Germany	Germany	VON DEM BOTTLENBERG, CORNELIA	RADIO-TELE-MUSIC GMBH																		a24e809d88f3bea33ca5f3b5f7d9d343	28918736	No		Altacom|AmazonDOD|AudibleMagic|BeatportDigitalDownloadNetwork|Bleep|Boomkat|Dubstore|Flipagram|Gracenote|Grammofy|Hardwax|HDTracks|JunoRecords|NMusic|Phononet|Qanawat|Realnetwork-Listen(Muzicall)|Shazam|SimfyAfrica|SoundExchange|Touchtunes|Traxsource|VEVO|XboxMusic	Yes	No
Oktoberfest	German	Original Oktoberfest	Germany	Blue Door Records Christian Lösch		Original Oktoberfest							2012-08-31	2012-08-31	No Pre-order			Mid/Front	Full Length	Blue Door Records Christian Lösch	New Age	World	2012 Blue Door Records Christian Lösch	4260149823571	4260149823571	1345477445516	1345477445516_00357		1345477445516_01_10.flac	1	10	Wiesnhits Medley	German		Original Oktoberfest							Front	No	DEHT41201972	No	2012 Blue Door Records Christian Lösch	I have no master rights	Germany	Germany	PONGER  (DER KOMMISSAR); HERBERT /MURPHY (RAMALAMA-DINGDONG); MORALI, JACQUES (Y.M.C.A.)	PS MUSIC (DER KOMMISSAR); CHRYSALIS (RAMALAMADINGDONG); SCORPIO MUSIC (Y.M.C.A.)																		729801902256da8fcfb20d39d7715608	50406796	No		Altacom|AmazonDOD|AudibleMagic|BeatportDigitalDownloadNetwork|Bleep|Boomkat|Dubstore|Flipagram|Gracenote|Grammofy|Hardwax|HDTracks|JunoRecords|NMusic|Phononet|Qanawat|Realnetwork-Listen(Muzicall)|Shazam|SimfyAfrica|SoundExchange|Touchtunes|Traxsource|VEVO|XboxMusic	Yes	No
Oktoberfest	German	Original Oktoberfest	Germany	Blue Door Records Christian Lösch		Original Oktoberfest							2012-08-31	2012-08-31	No Pre-order			Mid/Front	Full Length	Blue Door Records Christian Lösch	New Age	World	2012 Blue Door Records Christian Lösch	4260149823571	4260149823571	1345477445516	1345477445516_00357		1345477445516_01_11.flac	1	11	Lebt denn der alte Holzmichel noch	German		Original Oktoberfest							Front	No	DEHT41201973	No	2012 Blue Door Records Christian Lösch	I have no master rights	Germany	Germany	ROSTIG; UNGER	RAFIMUSIC																		11456573bb89cc895ff38176985a92e3	25399849	No		Altacom|AmazonDOD|AudibleMagic|BeatportDigitalDownloadNetwork|Bleep|Boomkat|Dubstore|Flipagram|Gracenote|Grammofy|Hardwax|HDTracks|JunoRecords|NMusic|Phononet|Qanawat|Realnetwork-Listen(Muzicall)|Shazam|SimfyAfrica|SoundExchange|Touchtunes|Traxsource|VEVO|XboxMusic	Yes	No
Oktoberfest	German	Original Oktoberfest	Germany	Blue Door Records Christian Lösch		Original Oktoberfest							2012-08-31	2012-08-31	No Pre-order			Mid/Front	Full Length	Blue Door Records Christian Lösch	New Age	World	2012 Blue Door Records Christian Lösch	4260149823571	4260149823571	1345477445516	1345477445516_00357		1345477445516_01_12.flac	1	12	Her mit meinen Hennen	German		Original Oktoberfest							Front	No	DEHT41201974	No	2012 Blue Door Records Christian Lösch	I have no master rights	Germany	Germany	CHMELA, HORST	VM-RECORDS																		e91d22a2d1ec73abe34a656fa94488e2	28678309	No		Altacom|AmazonDOD|AudibleMagic|BeatportDigitalDownloadNetwork|Bleep|Boomkat|Dubstore|Flipagram|Gracenote|Grammofy|Hardwax|HDTracks|JunoRecords|NMusic|Phononet|Qanawat|Realnetwork-Listen(Muzicall)|Shazam|SimfyAfrica|SoundExchange|Touchtunes|Traxsource|VEVO|XboxMusic	Yes	No
Oktoberfest	German	Original Oktoberfest	Germany	Blue Door Records Christian Lösch		Original Oktoberfest							2012-08-31	2012-08-31	No Pre-order			Mid/Front	Full Length	Blue Door Records Christian Lösch	New Age	World	2012 Blue Door Records Christian Lösch	4260149823571	4260149823571	1345477445516	1345477445516_00357		1345477445516_01_13.flac	1	13	Fürstenfeld	German		Original Oktoberfest							Front	No	DEHT41201975	No	2012 Blue Door Records Christian Lösch	I have no master rights	Germany	Germany	Schiffkowitz	Scheibmeir, Karl																		07794ddf17eaecfb62e078d837d30b15	30548407	No		Altacom|AmazonDOD|AudibleMagic|BeatportDigitalDownloadNetwork|Bleep|Boomkat|Dubstore|Flipagram|Gracenote|Grammofy|Hardwax|HDTracks|JunoRecords|NMusic|Phononet|Qanawat|Realnetwork-Listen(Muzicall)|Shazam|SimfyAfrica|SoundExchange|Touchtunes|Traxsource|VEVO|XboxMusic	Yes	No
Oktoberfest	German	Original Oktoberfest	Germany	Blue Door Records Christian Lösch		Original Oktoberfest							2012-08-31	2012-08-31	No Pre-order			Mid/Front	Full Length	Blue Door Records Christian Lösch	New Age	World	2012 Blue Door Records Christian Lösch	4260149823571	4260149823571	1345477445516	1345477445516_00357		1345477445516_01_14.flac	1	14	Viva Colonia	German		Original Oktoberfest							Front	No	DEHT41201976	No	2012 Blue Door Records Christian Lösch	I have no master rights	Germany	Germany	Rudnik, Ralf	Vogelsang GmbH																		a6e25bc2e8cf31330e0ec9507c76c11b	25383694	No		Altacom|AmazonDOD|AudibleMagic|BeatportDigitalDownloadNetwork|Bleep|Boomkat|Dubstore|Flipagram|Gracenote|Grammofy|Hardwax|HDTracks|JunoRecords|NMusic|Phononet|Qanawat|Realnetwork-Listen(Muzicall)|Shazam|SimfyAfrica|SoundExchange|Touchtunes|Traxsource|VEVO|XboxMusic	Yes	No
Oktoberfest	German	Original Oktoberfest	Germany	Blue Door Records Christian Lösch		Original Oktoberfest							2012-08-31	2012-08-31	No Pre-order			Mid/Front	Full Length	Blue Door Records Christian Lösch	New Age	World	2012 Blue Door Records Christian Lösch	4260149823571	4260149823571	1345477445516	1345477445516_00357		1345477445516_01_15.flac	1	15	Hände zum Himmel	German		Original Oktoberfest							Front	No	DEHT41201977	No	2012 Blue Door Records Christian Lösch	I have no master rights	Germany	Germany	NIMWEGEN VAN	INTERSONG																		d191ead5c31e4e820c6a52a9a3e4383f	27718299	No		Altacom|AmazonDOD|AudibleMagic|BeatportDigitalDownloadNetwork|Bleep|Boomkat|Dubstore|Flipagram|Gracenote|Grammofy|Hardwax|HDTracks|JunoRecords|NMusic|Phononet|Qanawat|Realnetwork-Listen(Muzicall)|Shazam|SimfyAfrica|SoundExchange|Touchtunes|Traxsource|VEVO|XboxMusic	Yes	No
Oktoberfest	German	Original Oktoberfest	Germany	Blue Door Records Christian Lösch		Original Oktoberfest							2012-08-31	2012-08-31	No Pre-order			Mid/Front	Full Length	Blue Door Records Christian Lösch	New Age	World	2012 Blue Door Records Christian Lösch	4260149823571	4260149823571	1345477445516	1345477445516_00357		1345477445516_01_16.flac	1	16	Hey Baby	German		Original Oktoberfest							Front	No	DEHT41201978	No	2012 Blue Door Records Christian Lösch	I have no master rights	Germany	Germany	Channel, Bruce; Cobb, Margarete	Le Bill Music Inc																		8ae6a26b8974be896d50ce9f20ca7032	23520628	No		Altacom|AmazonDOD|AudibleMagic|BeatportDigitalDownloadNetwork|Bleep|Boomkat|Dubstore|Flipagram|Gracenote|Grammofy|Hardwax|HDTracks|JunoRecords|NMusic|Phononet|Qanawat|Realnetwork-Listen(Muzicall)|Shazam|SimfyAfrica|SoundExchange|Touchtunes|Traxsource|VEVO|XboxMusic	Yes	No
Oktoberfest	German	Original Oktoberfest	Germany	Blue Door Records Christian Lösch		Original Oktoberfest							2012-08-31	2012-08-31	No Pre-order			Mid/Front	Full Length	Blue Door Records Christian Lösch	New Age	World	2012 Blue Door Records Christian Lösch	4260149823571	4260149823571	1345477445516	1345477445516_00357		1345477445516_01_17.flac	1	17	Gemma Bier trinken	German		Original Oktoberfest							Front	No	DEHT41201979	No	2012 Blue Door Records Christian Lösch	I have no master rights	Germany	Germany	Kackl, Michael	Hawkes-and-son																		2e4572ca4bcbe83e48c6dbc7712abd8a	34693542	No		Altacom|AmazonDOD|AudibleMagic|BeatportDigitalDownloadNetwork|Bleep|Boomkat|Dubstore|Flipagram|Gracenote|Grammofy|Hardwax|HDTracks|JunoRecords|NMusic|Phononet|Qanawat|Realnetwork-Listen(Muzicall)|Shazam|SimfyAfrica|SoundExchange|Touchtunes|Traxsource|VEVO|XboxMusic	Yes	No
Oktoberfest	German	Original Oktoberfest	Germany	Blue Door Records Christian Lösch		Original Oktoberfest							2012-08-31	2012-08-31	No Pre-order			Mid/Front	Full Length	Blue Door Records Christian Lösch	New Age	World	2012 Blue Door Records Christian Lösch	4260149823571	4260149823571	1345477445516	1345477445516_00357		1345477445516_01_18.flac	1	18	Hey wir wolln die Eisbärn sehn	German		Original Oktoberfest							Front	No	DEHT41201980	No	2012 Blue Door Records Christian Lösch	I have no master rights	Germany	Germany	BIRR, DIETER; MEYER, PETER	PUHDYS MUSIKVERLAG																		57587c20c449c57a361665d7ca0450db	28900011	No		Altacom|AmazonDOD|AudibleMagic|BeatportDigitalDownloadNetwork|Bleep|Boomkat|Dubstore|Flipagram|Gracenote|Grammofy|Hardwax|HDTracks|JunoRecords|NMusic|Phononet|Qanawat|Realnetwork-Listen(Muzicall)|Shazam|SimfyAfrica|SoundExchange|Touchtunes|Traxsource|VEVO|XboxMusic	Yes	No
Oktoberfest	German	Original Oktoberfest	Germany	Blue Door Records Christian Lösch		Original Oktoberfest							2012-08-31	2012-08-31	No Pre-order			Mid/Front	Full Length	Blue Door Records Christian Lösch	New Age	World	2012 Blue Door Records Christian Lösch	4260149823571	4260149823571	1345477445516	1345477445516_00357		1345477445516_01_19.flac	1	19	Rockin’ All Over the World	English		Original Oktoberfest							Front	No	DEHT41201981	No	2012 Blue Door Records Christian Lösch	I have no master rights	Germany	Germany	FOGERTY, JOHN	WENAHA MUSIC COMPANY																		d2834236516ad908b12a5e0cef5d423e	31872846	No		Altacom|AmazonDOD|AudibleMagic|BeatportDigitalDownloadNetwork|Bleep|Boomkat|Dubstore|Flipagram|Gracenote|Grammofy|Hardwax|HDTracks|JunoRecords|NMusic|Phononet|Qanawat|Realnetwork-Listen(Muzicall)|Shazam|SimfyAfrica|SoundExchange|Touchtunes|Traxsource|VEVO|XboxMusic	Yes	No
